code,type,code_date,daily_no,file_name,bytes,sha256,media_type,captured_at_utc,registered_at_utc,registered_by,initial_custodian,current_custodian,event_count,fixture
CSV202607030001,CSV,2026-07-03,1,CSV202607030001.csv,4733,2bbfb4826fdc5d79173418772a2215f2414f1edec89eef7136d1cfc738000aa8,text/csv; charset=utf-8,2026-07-02T16:01:03.055Z,2026-07-03T07:25:23.820Z,irene.calvo,paula.benitez,oscar.villalba,5,
CSV202607030002,CSV,2026-07-03,2,CSV202607030002.csv,1139,b9513e042dfd8d7944cf697a0c5e51e5b8c1fcbb831cc75eed4f963e10529421,text/csv; charset=utf-8,2026-07-01T06:42:16.706Z,2026-07-03T18:37:16.242Z,irene.calvo,hector.lozano,nuria.paredes,5,
CSV202607030003,CSV,2026-07-03,3,CSV202607030003.csv,1788,fd88822857564a2670383397d9bef4e8e5619b3ad6edb0c8cbd43188ee9cdcd5,text/csv; charset=utf-8,2026-07-02T17:38:50.962Z,2026-07-03T21:16:05.307Z,martin.ochoa,carmen.robles,carmen.robles,17,
CSV202607040001,CSV,2026-07-04,1,CSV202607040001.csv,3471,f9f1113eaab54ed2c7e937ccbe3f3d65f3297dcfb34b2b01d079950eb035e89f,text/csv; charset=utf-8,2026-07-02T14:20:28.497Z,2026-07-04T00:58:49.963Z,investigador.demo,hector.lozano,hector.lozano,19,
CSV202607040002,CSV,2026-07-04,2,CSV202607040002.csv,2833,c9797c274781425efc3f4905d3d0ed9a73a81f79688344d759c660da91d9db0d,text/csv; charset=utf-8,2026-07-02T20:29:28.203Z,2026-07-04T03:38:06.838Z,martin.ochoa,hector.lozano,custodio.demo,17,
CSV202607040003,CSV,2026-07-04,3,CSV202607040003.csv,1377,da434e3da0d708df9bed94d8059b842f9c01907d2dc4d5a7396cb17a6cd5525b,text/csv; charset=utf-8,2026-07-02T16:01:38.901Z,2026-07-04T17:22:21.150Z,irene.calvo,carmen.robles,hector.lozano,7,
CSV202607040004,CSV,2026-07-04,4,CSV202607040004.csv,4563,011b66b53307eb308b324eeec1e6f07715b18cf3cf003ac018786654f69a4d05,text/csv; charset=utf-8,2026-07-04T08:42:30.767Z,2026-07-04T20:13:27.192Z,investigador.demo,nuria.paredes,oscar.villalba,13,
CSV202607040005,CSV,2026-07-04,5,CSV202607040005.csv,3266,53090b27f1fada5bfa8d5ee8f4cd88ffcaebe17d5da7810ee6312523ecb315c6,text/csv; charset=utf-8,2026-07-04T06:19:33.351Z,2026-07-04T23:15:55.174Z,investigador.demo,custodio.demo,oscar.villalba,9,
CSV202607040006,CSV,2026-07-04,6,CSV202607040006.csv,3531,00dbef591254f51dcc4c51ae06b4754cbca7f82b2837e23e97c1ccd2c43217bb,text/csv; charset=utf-8,2026-07-02T01:01:50.119Z,2026-07-04T23:46:39.797Z,martin.ochoa,paula.benitez,hector.lozano,17,
CSV202607050001,CSV,2026-07-05,1,CSV202607050001.csv,1984,662842d8a2fee00c2ee001791bf736974d100b5ce92c75d570078bb63ab70c58,text/csv; charset=utf-8,2026-07-03T21:29:32.627Z,2026-07-05T14:14:42.573Z,martin.ochoa,custodio.demo,paula.benitez,7,
CSV202607050002,CSV,2026-07-05,2,CSV202607050002.csv,2847,fc16f66153896da572084318cf79f35673b555c69f6da670bbc73eac5b649a2c,text/csv; charset=utf-8,2026-07-04T09:49:26.997Z,2026-07-05T14:33:10.495Z,martin.ochoa,oscar.villalba,oscar.villalba,5,content-tampered
CSV202607050003,CSV,2026-07-05,3,CSV202607050003.csv,4577,47c52cd9f753fcf70035e660c03099effebb03665ccf307bdbb26eb0b1365705,text/csv; charset=utf-8,2026-07-04T04:29:33.901Z,2026-07-05T19:02:37.883Z,martin.ochoa,custodio.demo,carmen.robles,3,
CSV202607050004,CSV,2026-07-05,4,CSV202607050004.csv,1827,9a3988d046db7ca49a65e60a077bcf4a94f3967892313b9f3afd7470eca82e08,text/csv; charset=utf-8,2026-07-04T08:52:53.883Z,2026-07-05T21:48:24.433Z,irene.calvo,nuria.paredes,oscar.villalba,15,
CSV202607050005,CSV,2026-07-05,5,CSV202607050005.csv,4428,b9871c1c6ada70dcfb08b75d67816d893f6608e7180f5a16387d3fa0539d5e6f,text/csv; charset=utf-8,2026-07-04T23:48:31.657Z,2026-07-05T23:00:15.950Z,investigador.demo,paula.benitez,oscar.villalba,3,
CSV202607060001,CSV,2026-07-06,1,CSV202607060001.csv,4170,f1c4d697cf08520cd892f194b5a02031e4d7d8ae7be9f4142825b9bef2a461b8,text/csv; charset=utf-8,2026-07-04T03:36:33.374Z,2026-07-06T02:33:08.800Z,irene.calvo,custodio.demo,custodio.demo,1,
CSV202607060002,CSV,2026-07-06,2,CSV202607060002.csv,3189,108818a3cb2f14ecefae7222880a57ba2e9f33d60a6173f8fa9948aad3197d72,text/csv; charset=utf-8,2026-07-04T13:25:20.819Z,2026-07-06T09:11:39.630Z,investigador.demo,oscar.villalba,oscar.villalba,1,
CSV202607060003,CSV,2026-07-06,3,CSV202607060003.csv,4266,61698209727e16f68eec1e6170cce89768407994487c87b804bc9d6297b6db14,text/csv; charset=utf-8,2026-07-04T09:49:32.096Z,2026-07-06T12:16:12.241Z,irene.calvo,paula.benitez,custodio.demo,9,
CSV202607060004,CSV,2026-07-06,4,CSV202607060004.csv,4907,b6d7677b769585107f5df67d6fbcbfbbbb58b84a4b9a25d5e4fb5ff53e29aece,text/csv; charset=utf-8,2026-07-05T18:02:00.521Z,2026-07-06T20:32:20.905Z,investigador.demo,carmen.robles,hector.lozano,11,
CSV202607070001,CSV,2026-07-07,1,CSV202607070001.csv,4538,ee7f3c6c95e3e391a6c8d2c2d49d59c67c64689ea6ed3ba6d84a4ad9d4d568ba,text/csv; charset=utf-8,2026-07-06T19:58:24.814Z,2026-07-07T03:11:16.123Z,investigador.demo,oscar.villalba,oscar.villalba,17,
CSV202607070002,CSV,2026-07-07,2,CSV202607070002.csv,1712,2b64567050d558ea960e38c2a737d35637519313f6f19d3d2ae3279b331b0cb6,text/csv; charset=utf-8,2026-07-04T18:52:48.949Z,2026-07-07T10:41:46.415Z,investigador.demo,custodio.demo,carmen.robles,11,
CSV202607070003,CSV,2026-07-07,3,CSV202607070003.csv,4072,9d1bdaa7e32809407f9637674d48dc9dcdb68c806532681bd2e9323b5468d479,text/csv; charset=utf-8,2026-07-05T14:32:33.210Z,2026-07-07T11:33:51.813Z,martin.ochoa,oscar.villalba,carmen.robles,11,
CSV202607070004,CSV,2026-07-07,4,CSV202607070004.csv,3911,f8d885ca5916cbb4645a7f1472df3847a25dabed3fb642b5d185887c54875b25,text/csv; charset=utf-8,2026-07-05T09:41:40.143Z,2026-07-07T18:41:14.315Z,martin.ochoa,carmen.robles,oscar.villalba,13,
CSV202607080001,CSV,2026-07-08,1,CSV202607080001.csv,4738,4662a548937b35970a76880f6a6d17c35b8c153ed84b4602912b62ad12e0b2c5,text/csv; charset=utf-8,2026-07-07T10:58:11.357Z,2026-07-08T02:01:52.707Z,irene.calvo,carmen.robles,oscar.villalba,13,
CSV202607080002,CSV,2026-07-08,2,CSV202607080002.csv,4392,c74a0ee7bbc4184c15e7cff17d9d2ce04f6d05fa3d47c3c715c0c2ccaea526ef,text/csv; charset=utf-8,2026-07-08T03:35:50.119Z,2026-07-08T12:55:49.935Z,irene.calvo,hector.lozano,carmen.robles,7,
CSV202607080003,CSV,2026-07-08,3,CSV202607080003.csv,1948,9e19ffdc077bac725974ca6f93e94677ac49c19ebc3136fe0441cd82ec4324e6,text/csv; charset=utf-8,2026-07-06T10:57:26.036Z,2026-07-08T14:33:47.576Z,martin.ochoa,carmen.robles,carmen.robles,9,
CSV202607080004,CSV,2026-07-08,4,CSV202607080004.csv,3473,d92233caf6747dd2951e15a8bf929bdd4ea3ae4c4faf7b9eb507032c5794b011,text/csv; charset=utf-8,2026-07-07T17:47:40.155Z,2026-07-08T16:21:29.606Z,investigador.demo,carmen.robles,hector.lozano,3,
CSV202607080005,CSV,2026-07-08,5,CSV202607080005.csv,2690,9de6701ba0926f961cde1f516e2d7073184cf4c29317b751761fca2e3f4d1e33,text/csv; charset=utf-8,2026-07-07T04:09:39.450Z,2026-07-08T16:49:32.117Z,irene.calvo,nuria.paredes,hector.lozano,17,
CSV202607090001,CSV,2026-07-09,1,CSV202607090001.csv,2309,687a7ff1c75263beb93160b5db34ff7ad116cbafd3d2b7490f503d5ef8f9cc3e,text/csv; charset=utf-8,2026-07-07T21:53:04.701Z,2026-07-09T02:43:14.843Z,investigador.demo,nuria.paredes,oscar.villalba,5,
CSV202607090002,CSV,2026-07-09,2,CSV202607090002.csv,4477,5a60dd179ee48a87001e525998ffa339b2b8a7412e9ef24eee2ae37858bf4593,text/csv; charset=utf-8,2026-07-08T16:01:55.278Z,2026-07-09T09:07:12.708Z,martin.ochoa,oscar.villalba,nuria.paredes,15,
CSV202607090003,CSV,2026-07-09,3,CSV202607090003.csv,1722,df8a5538e43f4a698d38e7b126519a8094fe60c2500115b925f19421ed925c38,text/csv; charset=utf-8,2026-07-08T13:07:32.067Z,2026-07-09T22:30:38.131Z,investigador.demo,paula.benitez,oscar.villalba,9,
CSV202607100001,CSV,2026-07-10,1,CSV202607100001.csv,4300,8e8f447694dbcb62d3ef9b109cede8409e94ea8621bdb1ca59ea6b8cf30585d8,text/csv; charset=utf-8,2026-07-08T02:13:08.361Z,2026-07-10T07:57:44.304Z,irene.calvo,paula.benitez,custodio.demo,11,
CSV202607100002,CSV,2026-07-10,2,CSV202607100002.csv,4635,028fe2cf3225c04c937b789de4938770f4680213f9148dac698154b4b838f53c,text/csv; charset=utf-8,2026-07-07T23:29:28.699Z,2026-07-10T08:19:58.661Z,investigador.demo,nuria.paredes,oscar.villalba,5,
CSV202607100003,CSV,2026-07-10,3,CSV202607100003.csv,2501,f8f4f795340794655d04485216e7c5dea060af75fdebaefadeca7f55b7e52fa8,text/csv; charset=utf-8,2026-07-07T21:16:55.613Z,2026-07-10T12:51:14.545Z,investigador.demo,hector.lozano,hector.lozano,3,
CSV202607100004,CSV,2026-07-10,4,CSV202607100004.csv,1589,c8ac40cdcb365cdf408998e5fbd43c70508255ec9323a5e2e605fd3882423180,text/csv; charset=utf-8,2026-07-08T15:30:11.791Z,2026-07-10T20:54:16.230Z,martin.ochoa,hector.lozano,oscar.villalba,13,
CSV202607110001,CSV,2026-07-11,1,CSV202607110001.csv,3356,87204366e83669583900f6a490360287f1eaf2967effcfe9c77ab911cadff7b4,text/csv; charset=utf-8,2026-07-10T13:49:34.678Z,2026-07-11T05:46:43.183Z,investigador.demo,oscar.villalba,nuria.paredes,13,
CSV202607110002,CSV,2026-07-11,2,CSV202607110002.csv,3021,1457b78600437de00ae8653735411bfc01404d56ab709bbd56e824a115584d79,text/csv; charset=utf-8,2026-07-10T08:06:04.420Z,2026-07-11T14:12:22.887Z,irene.calvo,hector.lozano,custodio.demo,5,
CSV202607110003,CSV,2026-07-11,3,CSV202607110003.csv,4285,297b59f8aee6d068ae10cb32ff2276c6f1c5fb9f980c8c3b85162cdad90707b0,text/csv; charset=utf-8,2026-07-11T14:33:49.482Z,2026-07-11T21:11:07.943Z,martin.ochoa,custodio.demo,paula.benitez,11,
CSV202607120001,CSV,2026-07-12,1,CSV202607120001.csv,4618,9bbf901d1a8dd689bf0e1279d295e47d836e791000c47e59e6529041145cb839,text/csv; charset=utf-8,2026-07-11T00:51:13.755Z,2026-07-12T00:27:33.402Z,investigador.demo,custodio.demo,carmen.robles,19,
CSV202607120002,CSV,2026-07-12,2,CSV202607120002.csv,3434,0fe3879413eca0bdd300e1c225647be8ab1ec7a8b27aff392fb1325954aee935,text/csv; charset=utf-8,2026-07-09T05:54:48.883Z,2026-07-12T02:05:27.933Z,martin.ochoa,hector.lozano,custodio.demo,7,
CSV202607120003,CSV,2026-07-12,3,CSV202607120003.csv,1047,7b6eebb4212be5f1c89e1bc3787641f91c9e068cb95bc6808f59e3ec27a450a8,text/csv; charset=utf-8,2026-07-10T23:44:54.339Z,2026-07-12T10:10:52.747Z,martin.ochoa,hector.lozano,hector.lozano,1,
CSV202607120004,CSV,2026-07-12,4,CSV202607120004.csv,3420,b54819f62a8e44bc563b4ae9c97bc7150730318be305f0bc169ea8938fbf910a,text/csv; charset=utf-8,2026-07-11T00:54:21.342Z,2026-07-12T11:01:19.827Z,investigador.demo,paula.benitez,custodio.demo,11,
CSV202607120005,CSV,2026-07-12,5,CSV202607120005.csv,1941,d5e9d6066cfbd51c5a23622cb692c93200f7355db84d69d5ab7de89e9009ba42,text/csv; charset=utf-8,2026-07-11T17:50:46.920Z,2026-07-12T11:48:41.840Z,investigador.demo,nuria.paredes,paula.benitez,9,
CSV202607120006,CSV,2026-07-12,6,CSV202607120006.csv,2647,b0f9c9a831123bbafd95970c180b5d3a8b431d86e68591ba774db29fdeaf3314,text/csv; charset=utf-8,2026-07-10T06:50:32.851Z,2026-07-12T12:45:28.039Z,martin.ochoa,oscar.villalba,carmen.robles,17,
CSV202607120007,CSV,2026-07-12,7,CSV202607120007.csv,1970,28a6bbc2bbd540ce060f680400460b81704d32259d88f05accf11d6279bd55c5,text/csv; charset=utf-8,2026-07-10T15:38:34.613Z,2026-07-12T15:49:30.818Z,irene.calvo,carmen.robles,custodio.demo,15,
CSV202607120008,CSV,2026-07-12,8,CSV202607120008.csv,1940,a52fe7ec7b12db0edbb665319a002a3d32b59b402b64f82fcf217cc5611664b5,text/csv; charset=utf-8,2026-07-09T20:17:09.044Z,2026-07-12T17:46:25.876Z,investigador.demo,oscar.villalba,oscar.villalba,11,
CSV202607120009,CSV,2026-07-12,9,CSV202607120009.csv,1531,d2f4708acf74c800cde974b831b8fff66ca0b04d3d8d559278578652ea9d156c,text/csv; charset=utf-8,2026-07-11T19:12:30.955Z,2026-07-12T19:36:10.576Z,irene.calvo,hector.lozano,nuria.paredes,17,
CSV202607130001,CSV,2026-07-13,1,CSV202607130001.csv,2694,b86df7a3edb9723ebdde51c54077ab1cd660ec0d10e3a178837881afd239fc81,text/csv; charset=utf-8,2026-07-11T20:35:53.009Z,2026-07-13T06:38:02.676Z,irene.calvo,nuria.paredes,paula.benitez,11,
CSV202607130002,CSV,2026-07-13,2,CSV202607130002.csv,3814,a35e36b26c6c117000513c456a83f127a206a590e9d9c77b75894853f8c36a15,text/csv; charset=utf-8,2026-07-11T15:34:38.675Z,2026-07-13T12:14:03.037Z,irene.calvo,oscar.villalba,oscar.villalba,1,
CSV202607140001,CSV,2026-07-14,1,CSV202607140001.csv,1522,a1dd1a3456f622ce2798bc88aca8ec2cba66f71677fddfa1c892c59c79aae088,text/csv; charset=utf-8,2026-07-12T09:18:26.264Z,2026-07-14T02:45:34.514Z,martin.ochoa,oscar.villalba,carmen.robles,17,
CSV202607140002,CSV,2026-07-14,2,CSV202607140002.csv,3861,490663e994cbfcecfa411f1d4ebdd2dbc62160d24ea18c968c5722dc3b671c46,text/csv; charset=utf-8,2026-07-11T16:29:08.054Z,2026-07-14T02:56:28.076Z,investigador.demo,paula.benitez,nuria.paredes,9,
CSV202607140003,CSV,2026-07-14,3,CSV202607140003.csv,3211,d4bed68ac30e9fa1207a8457a48076c4e2df2c7e2ebc270386b51a5fd65025c3,text/csv; charset=utf-8,2026-07-11T19:20:00.688Z,2026-07-14T06:26:00.369Z,investigador.demo,carmen.robles,oscar.villalba,7,
CSV202607140004,CSV,2026-07-14,4,CSV202607140004.csv,4245,383ee96392a037d1aa17c7c597c3351541d254e322d5781ed51e5e017ad73d24,text/csv; charset=utf-8,2026-07-12T04:46:04.178Z,2026-07-14T15:22:48.300Z,martin.ochoa,paula.benitez,hector.lozano,5,
CSV202607150001,CSV,2026-07-15,1,CSV202607150001.csv,3498,a9ec80e16ed6bb1f744343d343f6fac6840491adf3f6fd7e8567e38a202abd24,text/csv; charset=utf-8,2026-07-13T10:19:09.955Z,2026-07-15T06:44:35.034Z,investigador.demo,carmen.robles,hector.lozano,7,
CSV202607160001,CSV,2026-07-16,1,CSV202607160001.csv,1630,1fb1350e6d5384bfc02208fe4b048d4affdd6a8748ad1cc7fe049783a25b7296,text/csv; charset=utf-8,2026-07-13T12:28:43.799Z,2026-07-16T08:34:53.991Z,irene.calvo,paula.benitez,oscar.villalba,5,
CSV202607160002,CSV,2026-07-16,2,CSV202607160002.csv,3175,4de03f06a9cbb81ce4f7e821d2c5f8519003ff40ae30829ca863d02ddc4bad17,text/csv; charset=utf-8,2026-07-16T06:53:52.002Z,2026-07-16T18:43:57.034Z,investigador.demo,nuria.paredes,hector.lozano,19,
CSV202607170001,CSV,2026-07-17,1,CSV202607170001.csv,1885,c12827fa79f67032fc10ba9b7b1ea75474fc108a7e0c40504580b608e2930083,text/csv; charset=utf-8,2026-07-15T17:26:47.338Z,2026-07-17T16:23:24.060Z,irene.calvo,carmen.robles,carmen.robles,1,
CSV202607170002,CSV,2026-07-17,2,CSV202607170002.csv,4472,7bfb171c212bfc954018bdbb193610428168f7fe951e72011a4fcaafb9a9371d,text/csv; charset=utf-8,2026-07-16T17:57:10.974Z,2026-07-17T16:23:40.666Z,martin.ochoa,hector.lozano,carmen.robles,3,
CSV202607170003,CSV,2026-07-17,3,CSV202607170003.csv,3144,7eff79f50cafd8186c2a5595332d73ffa1b6764dcf8d0c2f1ddf8305e716d862,text/csv; charset=utf-8,2026-07-16T05:17:20.403Z,2026-07-17T23:21:09.688Z,martin.ochoa,oscar.villalba,nuria.paredes,19,
CSV202607180001,CSV,2026-07-18,1,CSV202607180001.csv,3215,6fd8cea22c2894376a3140ace38c24256cac44d1c07e43b437a65f252f2e0a51,text/csv; charset=utf-8,2026-07-15T17:37:09.297Z,2026-07-18T05:53:29.763Z,irene.calvo,paula.benitez,carmen.robles,17,
CSV202607180002,CSV,2026-07-18,2,CSV202607180002.csv,1869,5d708772196bccbcda3efc1ab569d35baf4402431b7bcc89fb74f9713b1a7834,text/csv; charset=utf-8,2026-07-18T06:43:52.630Z,2026-07-18T13:15:42.561Z,irene.calvo,oscar.villalba,oscar.villalba,1,
CSV202607180003,CSV,2026-07-18,3,CSV202607180003.csv,2354,523b2fd8fd26d7298f161f3a7a1aed4de1939d07c51f36deb71685146f27ad2e,text/csv; charset=utf-8,2026-07-17T09:02:36.795Z,2026-07-18T18:19:26.601Z,martin.ochoa,paula.benitez,carmen.robles,13,
CSV202607180004,CSV,2026-07-18,4,CSV202607180004.csv,3012,5d5dac813f906deb5158b87afbde0700f6ec8a4ccf9f0c2ea5c38bd901d9c8da,text/csv; charset=utf-8,2026-07-16T16:06:45.952Z,2026-07-18T23:23:59.157Z,irene.calvo,hector.lozano,custodio.demo,15,
CSV202607180005,CSV,2026-07-18,5,CSV202607180005.csv,1696,4be6e23e3fcb7049bc65e263a2c12cb8d6cfbc1a1b8486aa62d9c3432f3092b0,text/csv; charset=utf-8,2026-07-18T20:57:15.486Z,2026-07-18T23:26:36.222Z,martin.ochoa,carmen.robles,nuria.paredes,11,
CSV202607190001,CSV,2026-07-19,1,CSV202607190001.csv,4765,86f3a121a77aa325ff09efb975eacab7f0c9e7d5332a94cab7e0ee8641986742,text/csv; charset=utf-8,2026-07-18T20:46:51.380Z,2026-07-19T07:19:22.058Z,irene.calvo,hector.lozano,carmen.robles,11,
CSV202607190002,CSV,2026-07-19,2,CSV202607190002.csv,1124,51fef3d10927cd93838521cc727ec365cd672df4827a5a6505e5050d4bf57c7f,text/csv; charset=utf-8,2026-07-17T12:25:34.876Z,2026-07-19T08:17:05.431Z,martin.ochoa,custodio.demo,oscar.villalba,15,
CSV202607190003,CSV,2026-07-19,3,CSV202607190003.csv,3370,b303dc78cdad30b1ed6eadf3abbed9d3c7e86dcb00bbf929cba3db573e975fd5,text/csv; charset=utf-8,2026-07-16T18:28:17.209Z,2026-07-19T15:58:52.826Z,martin.ochoa,hector.lozano,carmen.robles,5,
CSV202607190004,CSV,2026-07-19,4,CSV202607190004.csv,3073,4539d7234c3da0908455403531ef29c4f34993814f840e37adb8dcd916bf8478,text/csv; charset=utf-8,2026-07-17T12:44:45.845Z,2026-07-19T18:59:38.615Z,irene.calvo,nuria.paredes,nuria.paredes,1,
CSV202607200001,CSV,2026-07-20,1,CSV202607200001.csv,1248,d3fa890a26b0c85a5a0d1d36b86bd015c4f30df469743521f54e78351ba72f1b,text/csv; charset=utf-8,2026-07-17T18:07:50.202Z,2026-07-20T08:27:36.099Z,investigador.demo,hector.lozano,hector.lozano,1,
CSV202607200002,CSV,2026-07-20,2,CSV202607200002.csv,1486,aba17ab7c7997420f2e6e9c11ec685d4ec986ccec47805b9dbbdb14389ac1ef1,text/csv; charset=utf-8,2026-07-19T09:30:32.289Z,2026-07-20T17:45:04.574Z,irene.calvo,paula.benitez,nuria.paredes,11,
CSV202607200003,CSV,2026-07-20,3,CSV202607200003.csv,4133,5babcf85be39abc43d86047aef2092adae9cc8374939ff3dfd893d2ddc0d16e5,text/csv; charset=utf-8,2026-07-18T22:46:40.038Z,2026-07-20T18:13:24.824Z,martin.ochoa,custodio.demo,oscar.villalba,3,
CSV202607210001,CSV,2026-07-21,1,CSV202607210001.csv,2298,ef72b955fcf25c7681e007917bdca5bcfe768b1caa9c3902acef34de90f4644b,text/csv; charset=utf-8,2026-07-18T13:49:24.956Z,2026-07-21T03:52:21.060Z,martin.ochoa,oscar.villalba,custodio.demo,15,
CSV202607210002,CSV,2026-07-21,2,CSV202607210002.csv,3010,917a3c5cb9c4bd928f8163e244d4c21f11aab0ecfbb953b53ee77906a24864d3,text/csv; charset=utf-8,2026-07-18T15:00:20.476Z,2026-07-21T09:28:16.376Z,investigador.demo,nuria.paredes,hector.lozano,7,
CSV202607210003,CSV,2026-07-21,3,CSV202607210003.csv,1733,d0a51e4212883bcf0d09c75f2f5d44e901854f4eda4181c1c9ae4e572cd70408,text/csv; charset=utf-8,2026-07-21T02:46:09.160Z,2026-07-21T14:54:28.190Z,irene.calvo,hector.lozano,custodio.demo,3,
CSV202607210004,CSV,2026-07-21,4,CSV202607210004.csv,1462,3bfb7a8281ab7852adfa023160e30c80238a631dc76309682ccdafc414e2aab5,text/csv; charset=utf-8,2026-07-19T11:55:13.997Z,2026-07-21T15:22:03.323Z,investigador.demo,custodio.demo,hector.lozano,15,
CSV202607220001,CSV,2026-07-22,1,CSV202607220001.csv,4066,558d3d4162e28f79f38e263e318a1cd43cfa6e3f36dbb1fdfd3da93509ae0623,text/csv; charset=utf-8,2026-07-21T09:57:15.914Z,2026-07-22T03:55:56.344Z,investigador.demo,paula.benitez,custodio.demo,15,
CSV202607220002,CSV,2026-07-22,2,CSV202607220002.csv,2481,bc6eb9c64f756afcc49098acf4eccc6ab1424d333808e5463cfc729941b4507c,text/csv; charset=utf-8,2026-07-20T15:01:47.464Z,2026-07-22T07:32:00.787Z,martin.ochoa,nuria.paredes,paula.benitez,9,
CSV202607230001,CSV,2026-07-23,1,CSV202607230001.csv,3832,958f5aaf5143bac110222b9b3cf8cc881487d5e9c2acde5de96806c0215cfffd,text/csv; charset=utf-8,2026-07-20T03:43:15.385Z,2026-07-23T03:31:51.575Z,martin.ochoa,oscar.villalba,carmen.robles,9,
CSV202607230002,CSV,2026-07-23,2,CSV202607230002.csv,2468,7da58bf881360b69cbe05c359a2b2ca1b7c81b20d6e688e64a679bba120a7821,text/csv; charset=utf-8,2026-07-22T21:00:47.321Z,2026-07-23T19:59:20.100Z,irene.calvo,custodio.demo,custodio.demo,17,
CSV202607230003,CSV,2026-07-23,3,CSV202607230003.csv,4245,c8f5c6442f02afe09763a7ebbb4d3bdfbc0709083ada81f604cccef5ee396230,text/csv; charset=utf-8,2026-07-22T20:14:50.857Z,2026-07-23T22:18:49.483Z,martin.ochoa,hector.lozano,oscar.villalba,17,
CSV202607240001,CSV,2026-07-24,1,CSV202607240001.csv,1860,70e74e89d724e1b00533d853e45361c82ee2732ec121fcb1f0f50969f246bd3f,text/csv; charset=utf-8,2026-07-21T05:00:52.715Z,2026-07-24T04:33:57.699Z,martin.ochoa,paula.benitez,carmen.robles,3,
CSV202607240002,CSV,2026-07-24,2,CSV202607240002.csv,1950,460615433c458fa713f66e041f482f37d7d5ea57e99a0ce647661373cb8ddcf6,text/csv; charset=utf-8,2026-07-22T21:49:51.285Z,2026-07-24T04:58:59.268Z,irene.calvo,paula.benitez,custodio.demo,19,
CSV202607240003,CSV,2026-07-24,3,CSV202607240003.csv,3466,f0d048f9769fce75eeedba431b0551b829d17836f34fd809539aa1227d5369e4,text/csv; charset=utf-8,2026-07-22T00:50:23.198Z,2026-07-24T18:37:05.913Z,martin.ochoa,paula.benitez,custodio.demo,19,
CSV202607240004,CSV,2026-07-24,4,CSV202607240004.csv,3253,a7cbe514af24ef158d42470df6d1cb4e3e4301eb3f0b5d7b0b947199d55373a4,text/csv; charset=utf-8,2026-07-23T06:23:12.846Z,2026-07-24T23:11:34.883Z,investigador.demo,nuria.paredes,oscar.villalba,13,
CSV202607250001,CSV,2026-07-25,1,CSV202607250001.csv,1727,4d1ad6a20b266830f55173e79df10ec4aa8b938a8f9e1d87c8ffb9820e970808,text/csv; charset=utf-8,2026-07-25T10:49:46.742Z,2026-07-25T11:56:10.492Z,martin.ochoa,hector.lozano,carmen.robles,17,
CSV202607250002,CSV,2026-07-25,2,CSV202607250002.csv,1346,b9acaa24a4ee32298590e1badf26d0d728944ab3acc044fcb00cf5da0d739680,text/csv; charset=utf-8,2026-07-23T22:39:09.328Z,2026-07-25T15:00:10.537Z,irene.calvo,carmen.robles,nuria.paredes,13,
CSV202607250003,CSV,2026-07-25,3,CSV202607250003.csv,4227,851bb49727f009605a061130e5fcb75c883334d37608debefeffac7be0ea7daf,text/csv; charset=utf-8,2026-07-23T08:49:08.539Z,2026-07-25T20:40:00.802Z,martin.ochoa,custodio.demo,hector.lozano,15,
CSV202607260001,CSV,2026-07-26,1,CSV202607260001.csv,2426,2a36c4f5a05a7c227a98f4756cfd01f3df0122c39db063385964fba8c719085f,text/csv; charset=utf-8,2026-07-25T11:38:12.153Z,2026-07-26T03:35:35.799Z,martin.ochoa,custodio.demo,hector.lozano,17,intact
CSV202607260002,CSV,2026-07-26,2,CSV202607260002.csv,2820,49e2e744771b6b0d89fe331db83714d912fb31df5731513251e6c8b805e3afe3,text/csv; charset=utf-8,2026-07-25T22:28:39.926Z,2026-07-26T15:07:23.207Z,martin.ochoa,oscar.villalba,custodio.demo,19,
CSV202607270001,CSV,2026-07-27,1,CSV202607270001.csv,1584,ac1ad48074a88b152a0377355f40424bba26af62b57960634a0b5cd7a9f44938,text/csv; charset=utf-8,2026-07-25T01:27:43.218Z,2026-07-27T06:12:53.783Z,irene.calvo,carmen.robles,oscar.villalba,19,
CSV202607270002,CSV,2026-07-27,2,CSV202607270002.csv,3865,fde7e61ea037451257490e3082e904b8dc7d1a8eef1b803cd4cfec4c40163ba6,text/csv; charset=utf-8,2026-07-27T12:50:25.183Z,2026-07-27T23:50:52.717Z,investigador.demo,paula.benitez,carmen.robles,9,
CSV202607280001,CSV,2026-07-28,1,CSV202607280001.csv,2613,8ce1e6211b94325ef305d2c4d1ed504f881bf21c141ca2a1e5606b22346a5aa6,text/csv; charset=utf-8,2026-07-25T07:27:24.760Z,2026-07-28T02:27:24.367Z,martin.ochoa,nuria.paredes,nuria.paredes,17,custodian-tampered
CSV202607280002,CSV,2026-07-28,2,CSV202607280002.csv,4559,c7f697a607aebcfd9b51fa1539c4c049d4e8cc990f9b81be8c288f298cfb1df6,text/csv; charset=utf-8,2026-07-25T19:39:37.046Z,2026-07-28T08:45:53.947Z,martin.ochoa,carmen.robles,oscar.villalba,13,
CSV202607280003,CSV,2026-07-28,3,CSV202607280003.csv,2994,f1035598f38c54293a5f0ba97054959be601979a71fb7e533abfc12aa34452ee,text/csv; charset=utf-8,2026-07-27T01:54:06.480Z,2026-07-28T15:50:28.992Z,martin.ochoa,oscar.villalba,nuria.paredes,3,
CSV202607280004,CSV,2026-07-28,4,CSV202607280004.csv,3358,280bb202b96e5f0f5a10d0b0b5336be7cc2b2a7956e59ff16043e13a3908dba0,text/csv; charset=utf-8,2026-07-26T14:04:05.148Z,2026-07-28T19:02:46.450Z,irene.calvo,custodio.demo,custodio.demo,1,
CSV202607290001,CSV,2026-07-29,1,CSV202607290001.csv,2469,684120d2d8b7a2484de2ee57135376fe4ef47a3b527b6f310440a5831dd9e2dd,text/csv; charset=utf-8,2026-07-27T03:30:02.338Z,2026-07-29T07:54:07.735Z,investigador.demo,hector.lozano,custodio.demo,9,
CSV202607290002,CSV,2026-07-29,2,CSV202607290002.csv,3278,c2ec9ae54a79d3f9458af78727b0e25e8cdb1d728652398c402503fbfca602a9,text/csv; charset=utf-8,2026-07-29T01:07:30.806Z,2026-07-29T10:49:55.374Z,martin.ochoa,paula.benitez,paula.benitez,15,
CSV202607300001,CSV,2026-07-30,1,CSV202607300001.csv,1368,9680173b9a1d067431a66ebe7da94e1fc32bde5b3f33aff99712d6a327eaa82b,text/csv; charset=utf-8,2026-07-27T18:56:40.151Z,2026-07-30T07:47:54.606Z,investigador.demo,nuria.paredes,nuria.paredes,3,
CSV202607300002,CSV,2026-07-30,2,CSV202607300002.csv,4062,47966504466116ec3f536663079bd1d3691cd3f2af60c5030103e34a5d4f5c02,text/csv; charset=utf-8,2026-07-27T21:18:40.721Z,2026-07-30T16:53:21.437Z,irene.calvo,hector.lozano,custodio.demo,5,
CSV202607300003,CSV,2026-07-30,3,CSV202607300003.csv,1684,54e03e57be792b9462134ae1dec2207e71737a5f438873a37960417b3abe1250,text/csv; charset=utf-8,2026-07-30T16:38:09.189Z,2026-07-30T17:29:52.680Z,investigador.demo,hector.lozano,nuria.paredes,5,
CSV202607300004,CSV,2026-07-30,4,CSV202607300004.csv,4689,b27da6164e8baa4ca70c96a48aba0d43892cd765bf89beb3981c8735d8f54d1e,text/csv; charset=utf-8,2026-07-30T19:03:29.197Z,2026-07-30T22:58:15.783Z,martin.ochoa,paula.benitez,hector.lozano,17,
CSV202607310001,CSV,2026-07-31,1,CSV202607310001.csv,4220,a350a9a36df1d3dc4d7499c379185437cb5793b3306086bad4e374ff09538a20,text/csv; charset=utf-8,2026-07-30T19:41:46.511Z,2026-07-31T10:26:15.474Z,irene.calvo,paula.benitez,oscar.villalba,7,
CSV202607310002,CSV,2026-07-31,2,CSV202607310002.csv,4490,0f014ff41b235be59ba107c6827d508d6fbd6690f638e21fb595eaad8c3f2211,text/csv; charset=utf-8,2026-07-29T15:40:15.233Z,2026-07-31T14:42:08.047Z,irene.calvo,hector.lozano,oscar.villalba,3,
CSV202607310003,CSV,2026-07-31,3,CSV202607310003.csv,1378,5d88e439b356a31ac961283dbd7c793fbb075be3a9b2487b37f28d03827b28eb,text/csv; charset=utf-8,2026-07-29T06:45:27.470Z,2026-07-31T21:50:14.754Z,irene.calvo,custodio.demo,paula.benitez,19,
CSV202608010001,CSV,2026-08-01,1,CSV202608010001.csv,4726,d634c9940e85a13543e88bc35fcd6d204304a080993a8f04f8aff322318c7474,text/csv; charset=utf-8,2026-07-31T13:27:55.718Z,2026-08-01T12:02:48.153Z,irene.calvo,carmen.robles,nuria.paredes,5,
CSV202608010002,CSV,2026-08-01,2,CSV202608010002.csv,3277,ee2cc1e3c35408a84e43afa1d13da8b9ae7534c05ac473767c1765cbd401aa29,text/csv; charset=utf-8,2026-07-30T18:27:18.960Z,2026-08-01T12:51:27.035Z,irene.calvo,carmen.robles,nuria.paredes,13,
CSV202608020001,CSV,2026-08-02,1,CSV202608020001.csv,2641,cb78b6174a0bf22c85a0e74587b613e258d5616d49aa7af16f8513826b5f16bb,text/csv; charset=utf-8,2026-07-30T15:13:37.012Z,2026-08-02T07:16:57.131Z,martin.ochoa,paula.benitez,nuria.paredes,19,
CSV202608020002,CSV,2026-08-02,2,CSV202608020002.csv,2892,6f8e55a33d36d4e32349e8a50391fea4d097ea78c7c097090c4536ce75b7c568,text/csv; charset=utf-8,2026-08-01T23:44:19.552Z,2026-08-02T21:13:52.107Z,martin.ochoa,oscar.villalba,oscar.villalba,1,
CSV202608020003,CSV,2026-08-02,3,CSV202608020003.csv,4875,f8bd4b927a1b68cf44c6fcd9d09875bb882a930da163b61dc8d2212f2e4f8a13,text/csv; charset=utf-8,2026-08-02T05:50:37.820Z,2026-08-02T22:13:09.264Z,irene.calvo,nuria.paredes,nuria.paredes,2,fresh-pending
CSV202608030001,CSV,2026-08-03,1,CSV202608030001.csv,4231,20fdad634c4928e82fb02e319b2b8c1e993bd3b0cb8ecd4061f5e3b57d7ad00f,text/csv; charset=utf-8,2026-08-01T09:32:15.992Z,2026-08-03T04:27:15.259Z,investigador.demo,paula.benitez,paula.benitez,7,
CSV202608030002,CSV,2026-08-03,2,CSV202608030002.csv,1814,48ecd75ebd25b2982480270024f0793a5845aec110bd19373516d701badcab43,text/csv; charset=utf-8,2026-08-02T00:03:23.373Z,2026-08-03T13:20:05.550Z,irene.calvo,paula.benitez,hector.lozano,11,
CSV202608030003,CSV,2026-08-03,3,CSV202608030003.csv,2041,0688e01e4ea4653eac32f12475eb89c73e77e95ffc59de6494e51715eff2db2c,text/csv; charset=utf-8,2026-08-01T01:36:00.657Z,2026-08-03T15:18:12.737Z,investigador.demo,oscar.villalba,hector.lozano,17,
CSV202608030004,CSV,2026-08-03,4,CSV202608030004.csv,1702,0407e24789805fc6003fec03502b223e90444bb61f394805c7f26787e443ed16,text/csv; charset=utf-8,2026-08-01T09:53:21.349Z,2026-08-03T19:06:22.794Z,irene.calvo,paula.benitez,paula.benitez,1,
CSV202608040001,CSV,2026-08-04,1,CSV202608040001.csv,3639,53cc91322a16bb35b846d4f52c4cd086c873ca7b644ff256522e69a4ef3cf31a,text/csv; charset=utf-8,2026-08-03T21:57:26.099Z,2026-08-04T02:05:38.756Z,martin.ochoa,hector.lozano,hector.lozano,7,
CSV202608040002,CSV,2026-08-04,2,CSV202608040002.csv,1473,4ea9669a278eed0ef923c0c73df0492afd8c8600fb21c1f1e2a763f62fc3c6a2,text/csv; charset=utf-8,2026-08-01T20:45:46.622Z,2026-08-04T07:14:42.068Z,martin.ochoa,paula.benitez,nuria.paredes,3,
CSV202608040003,CSV,2026-08-04,3,CSV202608040003.csv,1692,35d020ba21ce783022967084cfa18c30328414039778ea6ba860050ea9873730,text/csv; charset=utf-8,2026-08-02T15:54:17.224Z,2026-08-04T09:40:57.567Z,irene.calvo,carmen.robles,hector.lozano,19,
CSV202608040004,CSV,2026-08-04,4,CSV202608040004.csv,3135,10ef6034c91235ff3694ebd2520f27dbb941e360f3b4a96b658b6e262f48822a,text/csv; charset=utf-8,2026-08-03T14:57:44.774Z,2026-08-04T18:15:12.134Z,irene.calvo,paula.benitez,carmen.robles,13,
CSV202608050001,CSV,2026-08-05,1,CSV202608050001.csv,2837,24298b037ed8de65473cddcd9ac0167f8d29639a44e15de2339a15c044a1ad70,text/csv; charset=utf-8,2026-08-02T22:42:30.954Z,2026-08-05T13:24:00.761Z,irene.calvo,custodio.demo,custodio.demo,3,
CSV202608050002,CSV,2026-08-05,2,CSV202608050002.csv,3406,cbbb23196a136dd3219457c19025fca080e739af371d38b4dc2234d55b477600,text/csv; charset=utf-8,2026-08-04T15:09:51.525Z,2026-08-05T13:31:38.140Z,martin.ochoa,carmen.robles,paula.benitez,7,
CSV202608060001,CSV,2026-08-06,1,CSV202608060001.csv,1952,6d906a2f4f76598e0c9106b48caec1d13da0a844d936500ee65ff9a53ef1855c,text/csv; charset=utf-8,2026-08-05T23:17:30.567Z,2026-08-06T01:51:39.118Z,martin.ochoa,custodio.demo,carmen.robles,9,
CSV202608060002,CSV,2026-08-06,2,CSV202608060002.csv,3355,e5be37b9501ac2131cd29df4b7644473aa1807a075ddcb7e745f658431bb2899,text/csv; charset=utf-8,2026-08-05T10:04:50.651Z,2026-08-06T02:17:49.872Z,martin.ochoa,nuria.paredes,oscar.villalba,19,
CSV202608060003,CSV,2026-08-06,3,CSV202608060003.csv,2083,887e7c226cd417b3059c4a2110d5f912e2b7fe29be84b8804041d6b8c8d56374,text/csv; charset=utf-8,2026-08-05T09:08:11.132Z,2026-08-06T20:39:22.703Z,irene.calvo,carmen.robles,paula.benitez,9,
CSV202608070001,CSV,2026-08-07,1,CSV202608070001.csv,4899,76c8c12ac3e9ca7e1fbe72222926789d3dc3e50ab09454877fdff321a481befd,text/csv; charset=utf-8,2026-08-06T13:50:59.541Z,2026-08-07T14:03:42.509Z,investigador.demo,hector.lozano,paula.benitez,11,
CSV202608070002,CSV,2026-08-07,2,CSV202608070002.csv,2510,633fa53bf8956adc4693b4fe78c1dbffa1db8bc3f4d30356ae75db2aa652e99f,text/csv; charset=utf-8,2026-08-05T02:53:45.123Z,2026-08-07T16:41:21.215Z,irene.calvo,oscar.villalba,hector.lozano,15,
CSV202608070003,CSV,2026-08-07,3,CSV202608070003.csv,4848,4daa9c05f2ac20a5cf3a8563d7c9b1fddcca67d035a12f06255b6a01baa2e935,text/csv; charset=utf-8,2026-08-06T19:19:39.572Z,2026-08-07T23:15:49.906Z,irene.calvo,paula.benitez,paula.benitez,1,
CSV202608080001,CSV,2026-08-08,1,CSV202608080001.csv,2189,e4c270ca4d40a9fb1e6e8ee1f4af89a63f252d6815a32cea31d70a8d62d5045e,text/csv; charset=utf-8,2026-08-06T14:20:16.791Z,2026-08-08T04:32:24.775Z,martin.ochoa,carmen.robles,hector.lozano,7,
CSV202608080002,CSV,2026-08-08,2,CSV202608080002.csv,4603,297d7de1d20750753bc09216cec5c713a340c7d32c7857b6a7b3e23ab36f8b65,text/csv; charset=utf-8,2026-08-08T05:35:08.164Z,2026-08-08T19:37:54.629Z,irene.calvo,oscar.villalba,carmen.robles,3,
CSV202608090001,CSV,2026-08-09,1,CSV202608090001.csv,4910,69d93d7f48e80ac75dbcc56cec01332bb31dffd01515669a8f779fdaf62a0714,text/csv; charset=utf-8,2026-08-08T05:23:04.158Z,2026-08-09T00:18:28.027Z,martin.ochoa,oscar.villalba,custodio.demo,17,
CSV202608090002,CSV,2026-08-09,2,CSV202608090002.csv,3984,dff1f25b671051b045ada134a28a3ffca042f03da631f5cce5293940864f37b0,text/csv; charset=utf-8,2026-08-07T21:44:27.323Z,2026-08-09T06:04:59.627Z,irene.calvo,custodio.demo,nuria.paredes,19,
CSV202608090003,CSV,2026-08-09,3,CSV202608090003.csv,4608,d8b4d1e7c8314bc2d0d7c01f54b0e51dafee1803dca5aa4671955ef87e51651d,text/csv; charset=utf-8,2026-08-08T22:25:35.191Z,2026-08-09T21:30:51.761Z,investigador.demo,custodio.demo,hector.lozano,5,
CSV202608100001,CSV,2026-08-10,1,CSV202608100001.csv,4868,13e124d15f328b8d271c088229271c72ecb117d0e7a00fc324bc476f57039a8d,text/csv; charset=utf-8,2026-08-07T08:21:18.056Z,2026-08-10T01:53:13.737Z,irene.calvo,oscar.villalba,nuria.paredes,17,
CSV202608100002,CSV,2026-08-10,2,CSV202608100002.csv,3495,0ab9d6bc0977a068eafb20b78d539514a9684f0400027f6db70053cf16ba3a11,text/csv; charset=utf-8,2026-08-08T00:45:22.418Z,2026-08-10T04:47:36.471Z,irene.calvo,hector.lozano,nuria.paredes,11,
CSV202608110001,CSV,2026-08-11,1,CSV202608110001.csv,2194,13abeaabc4e38942753bc107d56b31326dd9c685efdc3cb5078c3f3bdb98e391,text/csv; charset=utf-8,2026-08-10T14:04:08.640Z,2026-08-11T00:08:08.172Z,investigador.demo,nuria.paredes,custodio.demo,9,
CSV202608110002,CSV,2026-08-11,2,CSV202608110002.csv,2305,2cf1d8114327d9974f23d3862c6b75c72560e17bde01648079d7a3da7596c94b,text/csv; charset=utf-8,2026-08-11T04:47:57.598Z,2026-08-11T08:29:45.051Z,irene.calvo,carmen.robles,paula.benitez,9,
CSV202608120001,CSV,2026-08-12,1,CSV202608120001.csv,3217,ee1dd60fc33d327fdf831dab72f1c4319e7d5858c77eecf429560136be01027b,text/csv; charset=utf-8,2026-08-10T17:25:57.314Z,2026-08-12T12:25:27.333Z,martin.ochoa,nuria.paredes,carmen.robles,15,
CSV202608120002,CSV,2026-08-12,2,CSV202608120002.csv,4344,bfb13772dfc278339ec96dab53e736ba8c7b55cf0231dd85f0a6da6ad328fac0,text/csv; charset=utf-8,2026-08-11T07:30:17.476Z,2026-08-12T21:19:43.186Z,martin.ochoa,oscar.villalba,paula.benitez,13,
CSV202608120003,CSV,2026-08-12,3,CSV202608120003.csv,2427,dc9a47c26eadb4bad56ecb86c574482abd1f1406dbb2b0127195d2f8c61c96ff,text/csv; charset=utf-8,2026-08-10T08:52:14.659Z,2026-08-12T22:56:19.798Z,irene.calvo,carmen.robles,paula.benitez,15,
CSV202608130001,CSV,2026-08-13,1,CSV202608130001.csv,4470,dc66b7e7cfb96c922c340b88a2eee661d09672956def3ba3f9418c4534a38a1a,text/csv; charset=utf-8,2026-08-12T16:09:30.797Z,2026-08-13T02:28:31.592Z,investigador.demo,oscar.villalba,carmen.robles,15,
CSV202608140001,CSV,2026-08-14,1,CSV202608140001.csv,3516,3d47a9e5744ac4dcaa9a6c314ff106be38904ddc2e9ac6f54269025a22b722b9,text/csv; charset=utf-8,2026-08-12T18:39:13.018Z,2026-08-14T00:09:11.822Z,irene.calvo,nuria.paredes,paula.benitez,17,
CSV202608140002,CSV,2026-08-14,2,CSV202608140002.csv,4878,21e012c8373e62c4d0f61f1ab3c625719619d18e34608c1b1262c9a869fa41ea,text/csv; charset=utf-8,2026-08-14T12:18:03.892Z,2026-08-14T14:09:44.596Z,irene.calvo,carmen.robles,carmen.robles,17,
CSV202608140003,CSV,2026-08-14,3,CSV202608140003.csv,4866,d4d411c6aea96723701908f4a35d5468f4054ee3ca40efe470ebada53433266c,text/csv; charset=utf-8,2026-08-13T08:39:15.638Z,2026-08-14T18:12:09.821Z,investigador.demo,paula.benitez,hector.lozano,5,
CSV202608140004,CSV,2026-08-14,4,CSV202608140004.csv,4813,b01b2e6ea0d3770081823abe2818015a763defdbe89d2af080cdaff2f9651b90,text/csv; charset=utf-8,2026-08-13T21:21:30.569Z,2026-08-14T18:29:55.852Z,irene.calvo,custodio.demo,hector.lozano,19,
CSV202608140005,CSV,2026-08-14,5,CSV202608140005.csv,2810,569f5622ad17bf244f80cfc35cba383346bcf9cae2a1abbf4cd63935908ad846,text/csv; charset=utf-8,2026-08-14T20:52:56.315Z,2026-08-14T22:50:20.387Z,martin.ochoa,paula.benitez,paula.benitez,17,
CSV202608150001,CSV,2026-08-15,1,CSV202608150001.csv,3666,f6e0d8890b26481c9eefb440fc5054ce3bfe25da4f49a47d75d526b1b3799b8c,text/csv; charset=utf-8,2026-08-12T18:57:48.887Z,2026-08-15T00:13:56.607Z,investigador.demo,oscar.villalba,hector.lozano,13,
CSV202608150002,CSV,2026-08-15,2,CSV202608150002.csv,1722,f1d1b9974c5a6bbb4146e720227cc548de12f1ca20e741b3672e06a8e8ab3569,text/csv; charset=utf-8,2026-08-13T20:28:31.367Z,2026-08-15T00:52:26.186Z,investigador.demo,hector.lozano,hector.lozano,1,
CSV202608150003,CSV,2026-08-15,3,CSV202608150003.csv,1304,a8f2ba4fc0918bd1eaa4ec440121262e978c3bd7a61b21fd28baaf43eeaee5ba,text/csv; charset=utf-8,2026-08-14T03:09:47.023Z,2026-08-15T01:29:09.204Z,martin.ochoa,nuria.paredes,carmen.robles,7,
CSV202608150004,CSV,2026-08-15,4,CSV202608150004.csv,1129,c6d904fb89db996534df5bbeb9735d674a93a22d2e10d57c1f38b6ea32b15650,text/csv; charset=utf-8,2026-08-14T01:50:50.247Z,2026-08-15T04:08:00.524Z,investigador.demo,hector.lozano,nuria.paredes,7,
CSV202608150005,CSV,2026-08-15,5,CSV202608150005.csv,1645,d351f019a5a7ff254f3ce6910376f4fa631c339b63423f724e2a29aecf7d890f,text/csv; charset=utf-8,2026-08-13T15:42:48.235Z,2026-08-15T09:06:54.985Z,irene.calvo,hector.lozano,hector.lozano,19,
CSV202608150006,CSV,2026-08-15,6,CSV202608150006.csv,3833,d2133fe0b2e82ac2144dbf8973ae00a5c36030e25ed89641945db4e70c31a4c8,text/csv; charset=utf-8,2026-08-13T17:22:06.374Z,2026-08-15T14:10:37.079Z,martin.ochoa,custodio.demo,carmen.robles,7,
CSV202608150007,CSV,2026-08-15,7,CSV202608150007.csv,4504,daa8f41a1337c83f9855f86e83df780fcafa5b532072be53f9cc39ebc7b05e98,text/csv; charset=utf-8,2026-08-12T23:04:50.526Z,2026-08-15T19:56:02.735Z,martin.ochoa,hector.lozano,oscar.villalba,17,
CSV202608150008,CSV,2026-08-15,8,CSV202608150008.csv,1759,f0b475f5d81e7799cd7c90179bc6b4d9f83073a4b5f98060608b979406924fd2,text/csv; charset=utf-8,2026-08-13T17:01:39.320Z,2026-08-15T21:49:46.745Z,martin.ochoa,carmen.robles,oscar.villalba,7,
CSV202608160001,CSV,2026-08-16,1,CSV202608160001.csv,4087,323e9afadaae573c05423b417431428cc527390dffb37b21cfa737d9b597b0e1,text/csv; charset=utf-8,2026-08-13T18:54:21.151Z,2026-08-16T05:19:53.734Z,martin.ochoa,oscar.villalba,hector.lozano,5,
CSV202608160002,CSV,2026-08-16,2,CSV202608160002.csv,4047,fd0231a0469621daf6cccf6bc761894444f773ad9224a397e98fe8c9b7f82a51,text/csv; charset=utf-8,2026-08-15T13:51:56.439Z,2026-08-16T09:49:11.866Z,irene.calvo,nuria.paredes,nuria.paredes,1,
CSV202608160003,CSV,2026-08-16,3,CSV202608160003.csv,3553,01434064c2f44feffd88b6ab01fc75d072198d265a192f92d9cf584fae17774b,text/csv; charset=utf-8,2026-08-14T17:24:51.192Z,2026-08-16T11:21:30.352Z,martin.ochoa,oscar.villalba,nuria.paredes,5,
CSV202608160004,CSV,2026-08-16,4,CSV202608160004.csv,1381,86167fb0065cbd0e02fdf53eb13e917d858a669b9dbbca1ed6128f7a853f72d5,text/csv; charset=utf-8,2026-08-15T11:21:27.282Z,2026-08-16T17:57:58.930Z,irene.calvo,carmen.robles,custodio.demo,3,
CSV202608160005,CSV,2026-08-16,5,CSV202608160005.csv,1450,9400520b9672f1071d6dd4c9b42dfdf654aeaac2e53c551ad1b4c9a80218baff,text/csv; charset=utf-8,2026-08-16T09:05:44.170Z,2026-08-16T22:35:14.674Z,martin.ochoa,custodio.demo,paula.benitez,5,
CSV202608170001,CSV,2026-08-17,1,CSV202608170001.csv,2358,16a2ef3c79a18eb6d67326904dd15c87df4ca644ed0f8f49dce91a2a72bde4ac,text/csv; charset=utf-8,2026-08-15T14:00:26.968Z,2026-08-17T01:45:03.626Z,irene.calvo,carmen.robles,nuria.paredes,9,
CSV202608180001,CSV,2026-08-18,1,CSV202608180001.csv,2460,4739698d33063c0c003f5964954821f78bd41d031de14779f99ae08f30b04b8f,text/csv; charset=utf-8,2026-08-16T09:12:48.051Z,2026-08-18T10:37:56.404Z,martin.ochoa,oscar.villalba,hector.lozano,19,
CSV202608190001,CSV,2026-08-19,1,CSV202608190001.csv,2124,1d30a410037e2076d93425a645d43a391fd01c910fbcde25c2306735895d5a61,text/csv; charset=utf-8,2026-08-18T19:31:15.409Z,2026-08-19T09:50:30.401Z,investigador.demo,nuria.paredes,oscar.villalba,17,
CSV202608190002,CSV,2026-08-19,2,CSV202608190002.csv,3181,199e03e4b177437d5a6ea7aadc2a57af23760c3bdeee1fd055c34b64a89d40ed,text/csv; charset=utf-8,2026-08-16T20:47:32.962Z,2026-08-19T13:30:20.922Z,irene.calvo,paula.benitez,hector.lozano,3,
CSV202608190003,CSV,2026-08-19,3,CSV202608190003.csv,3162,d76aee0852f183221024890fac77287a49c1f43126cf57b91bb9bf504135f18c,text/csv; charset=utf-8,2026-08-19T19:36:35.359Z,2026-08-19T22:44:41.239Z,irene.calvo,hector.lozano,hector.lozano,19,
CSV202608200001,CSV,2026-08-20,1,CSV202608200001.csv,3859,670ee35bf9a11a6342d43ece57152634af33ab8ce91d91a98aa4b1c5ef683057,text/csv; charset=utf-8,2026-08-19T16:55:08.771Z,2026-08-20T03:15:13.254Z,irene.calvo,paula.benitez,hector.lozano,5,
CSV202608200002,CSV,2026-08-20,2,CSV202608200002.csv,4565,e7dc38345cac5f126700edeb27ee15a59caf62def05ad5bb88a80dba17d75af5,text/csv; charset=utf-8,2026-08-20T00:23:44.975Z,2026-08-20T05:35:48.028Z,irene.calvo,hector.lozano,hector.lozano,5,
CSV202608200003,CSV,2026-08-20,3,CSV202608200003.csv,1993,061dcff348dd30920772178fe89e4424854cf4a6b32d922858079cb8d9da3485,text/csv; charset=utf-8,2026-08-18T14:39:22.106Z,2026-08-20T10:10:54.367Z,irene.calvo,hector.lozano,oscar.villalba,19,
CSV202608200004,CSV,2026-08-20,4,CSV202608200004.csv,1831,b8f99e5914a4454fd7985c7e3c102edf27c93fc0efa0400f9fd9e41df0b4ed30,text/csv; charset=utf-8,2026-08-19T17:32:03.197Z,2026-08-20T15:25:29.569Z,martin.ochoa,hector.lozano,hector.lozano,1,
CSV202608210001,CSV,2026-08-21,1,CSV202608210001.csv,2849,78d2d6e51daabd39bb711a86d0b762b092ca9bc4e687dd3d3fd6bfffa60c57f7,text/csv; charset=utf-8,2026-08-18T23:48:12.076Z,2026-08-21T14:30:49.638Z,martin.ochoa,custodio.demo,oscar.villalba,11,
CSV202608210002,CSV,2026-08-21,2,CSV202608210002.csv,3557,215b1c2d66e04f842e2a5bdbc7974104b43f92bee2ead412c41c11f31d294639,text/csv; charset=utf-8,2026-08-20T01:06:54.507Z,2026-08-21T16:15:23.053Z,martin.ochoa,hector.lozano,hector.lozano,1,
CSV202608220001,CSV,2026-08-22,1,CSV202608220001.csv,2712,eaee5695d76c8775f5976e788dbefa28939344a7e090b6bb6100ec90d515d20d,text/csv; charset=utf-8,2026-08-20T16:18:25.274Z,2026-08-22T01:53:38.868Z,martin.ochoa,hector.lozano,hector.lozano,15,
CSV202608220002,CSV,2026-08-22,2,CSV202608220002.csv,2862,17ebb30e2e129d68744bc29df173fc866f254999f1df572b7f416628e1b7ad6f,text/csv; charset=utf-8,2026-08-21T05:13:44.722Z,2026-08-22T06:42:38.984Z,martin.ochoa,paula.benitez,hector.lozano,11,
CSV202608220003,CSV,2026-08-22,3,CSV202608220003.csv,2892,15b8192ee5ca405c2bd25f1a1a1b665378c98870e3ebae9b1985dc5c23a73100,text/csv; charset=utf-8,2026-08-19T19:17:56.213Z,2026-08-22T11:25:50.473Z,martin.ochoa,oscar.villalba,hector.lozano,17,
CSV202608220004,CSV,2026-08-22,4,CSV202608220004.csv,1830,08d35b9224dfa0d9ad34b57cd88adc7234d78b3ed53e0a56396757a8184f1977,text/csv; charset=utf-8,2026-08-20T14:24:38.298Z,2026-08-22T13:39:19.299Z,investigador.demo,custodio.demo,carmen.robles,13,
CSV202608220005,CSV,2026-08-22,5,CSV202608220005.csv,1162,5fedaa51884de7fb2142f8303e54f3e00ba22a94e530aba24b415acaf11a9599,text/csv; charset=utf-8,2026-08-22T12:58:29.126Z,2026-08-22T15:11:11.990Z,martin.ochoa,custodio.demo,carmen.robles,3,
CSV202608220006,CSV,2026-08-22,6,CSV202608220006.csv,2898,20eb1f9624710acf49dc74cd8751205b9dd65af05734c8d9acf673fd41ef87a5,text/csv; charset=utf-8,2026-08-21T02:25:12.907Z,2026-08-22T19:50:41.423Z,irene.calvo,carmen.robles,hector.lozano,3,
CSV202608230001,CSV,2026-08-23,1,CSV202608230001.csv,1390,d83c5c9308e6efb76f2b1fba39c71e119c258ef68a46cf8246a3328381dc7673,text/csv; charset=utf-8,2026-08-20T16:19:55.395Z,2026-08-23T03:23:48.337Z,martin.ochoa,hector.lozano,paula.benitez,11,
CSV202608230002,CSV,2026-08-23,2,CSV202608230002.csv,1051,a205fdb7ff31e0243cf30ce42ee451540e6b17905ba83e0f3fa44893d702ea26,text/csv; charset=utf-8,2026-08-21T09:12:47.895Z,2026-08-23T05:00:28.640Z,martin.ochoa,paula.benitez,oscar.villalba,17,
CSV202608230003,CSV,2026-08-23,3,CSV202608230003.csv,1758,e4b7c3cab82f40da580a639a5a5675a27b351717fb1bc975ce3a521c6a801739,text/csv; charset=utf-8,2026-08-22T00:33:05.526Z,2026-08-23T17:56:31.512Z,martin.ochoa,carmen.robles,paula.benitez,15,
CSV202608230004,CSV,2026-08-23,4,CSV202608230004.csv,2243,d5ea7301f98cdb562bb071661fe9bffd3bdb2d7707ce4b7d64af90d11b034bf6,text/csv; charset=utf-8,2026-08-23T13:26:02.710Z,2026-08-23T21:43:54.254Z,investigador.demo,nuria.paredes,nuria.paredes,3,
CSV202608240001,CSV,2026-08-24,1,CSV202608240001.csv,2178,02b67a8aced9595319f277768b67218e7862227e3f7a069c35c446076b085f1f,text/csv; charset=utf-8,2026-08-24T00:26:28.323Z,2026-08-24T02:05:50.548Z,martin.ochoa,oscar.villalba,hector.lozano,9,
CSV202608240002,CSV,2026-08-24,2,CSV202608240002.csv,4649,49d2ce1ae1d56c19b47a1d24f09e4dae60743d6aa41a64e2d772800098c25b57,text/csv; charset=utf-8,2026-08-22T00:27:13.653Z,2026-08-24T07:53:52.980Z,martin.ochoa,custodio.demo,custodio.demo,17,
CSV202608240003,CSV,2026-08-24,3,CSV202608240003.csv,4100,1415ca4ee274555845f08415200103aad63d963759f166b2e9545dd66b81f0d6,text/csv; charset=utf-8,2026-08-23T03:23:46.673Z,2026-08-24T16:45:23.002Z,martin.ochoa,oscar.villalba,carmen.robles,7,
CSV202608250001,CSV,2026-08-25,1,CSV202608250001.csv,1377,7894239f36d529620b1dbf6d2d31d361b5151fe7752b09d00e189b14f931ed53,text/csv; charset=utf-8,2026-08-22T23:36:39.590Z,2026-08-25T07:30:09.914Z,martin.ochoa,custodio.demo,custodio.demo,17,
CSV202608260001,CSV,2026-08-26,1,CSV202608260001.csv,3439,955d05767b77b2396b88914235bfc56a12fe72533b122e568667174ab6496290,text/csv; charset=utf-8,2026-08-23T11:44:36.854Z,2026-08-26T01:20:39.590Z,investigador.demo,nuria.paredes,nuria.paredes,1,
CSV202608260002,CSV,2026-08-26,2,CSV202608260002.csv,1934,f30a8ddd7db45a8d5194e224c969c78ba07a1c01f2308beb25143f3cf59ec658,text/csv; charset=utf-8,2026-08-25T21:07:31.881Z,2026-08-26T12:27:04.310Z,irene.calvo,carmen.robles,custodio.demo,17,
CSV202608260003,CSV,2026-08-26,3,CSV202608260003.csv,2746,9d3bf9cae32c4e8b639d678858ae448fbc5beeff0c044aa1029c43a9e15afc47,text/csv; charset=utf-8,2026-08-23T16:56:20.120Z,2026-08-26T13:15:38.616Z,martin.ochoa,hector.lozano,nuria.paredes,11,
CSV202608260004,CSV,2026-08-26,4,CSV202608260004.csv,2731,5a1dbf4aba14647361d836a3ec1f7b97c403f66d5f98fc3a6a79b6dcec2d0168,text/csv; charset=utf-8,2026-08-26T16:53:26.584Z,2026-08-26T21:24:19.606Z,martin.ochoa,nuria.paredes,nuria.paredes,11,
CSV202608260005,CSV,2026-08-26,5,CSV202608260005.csv,3368,5672132b1c304000096d65d8655ed90ca929c661558018cdaa8d014fdf3796ac,text/csv; charset=utf-8,2026-08-24T01:59:44.060Z,2026-08-26T21:50:26.517Z,irene.calvo,oscar.villalba,custodio.demo,11,
CSV202608270001,CSV,2026-08-27,1,CSV202608270001.csv,2323,61083c9c4f4aff33f7fa19b818380bc4b1acc01e5ae4e781df906d1af1a56b69,text/csv; charset=utf-8,2026-08-25T17:45:05.020Z,2026-08-27T02:32:16.775Z,martin.ochoa,hector.lozano,nuria.paredes,13,
CSV202608270002,CSV,2026-08-27,2,CSV202608270002.csv,1727,14745dabe587bf6fa4a293a90593f8ded694d621147a531d5712615e48f1a8fc,text/csv; charset=utf-8,2026-08-25T10:37:11.587Z,2026-08-27T22:10:03.673Z,irene.calvo,custodio.demo,custodio.demo,1,
CSV202608280001,CSV,2026-08-28,1,CSV202608280001.csv,1944,13435bc225653effe0179fb0f3dd70b8f32e92ec4ebd2e9ce75fd77dbb539005,text/csv; charset=utf-8,2026-08-26T02:54:14.218Z,2026-08-28T02:34:16.553Z,irene.calvo,custodio.demo,paula.benitez,9,
CSV202608280002,CSV,2026-08-28,2,CSV202608280002.csv,4418,f51ce8c7a45f198969b7d4a3ebbe2a016fc263a765e8e1f36c69ade8a6e2c9fd,text/csv; charset=utf-8,2026-08-27T18:57:09.119Z,2026-08-28T16:48:12.995Z,irene.calvo,oscar.villalba,oscar.villalba,19,
CSV202608280003,CSV,2026-08-28,3,CSV202608280003.csv,3602,31886c5c806816bfc931327915227739e120193156631fdb9780f023a6f582f4,text/csv; charset=utf-8,2026-08-25T22:55:11.631Z,2026-08-28T20:37:25.378Z,irene.calvo,carmen.robles,custodio.demo,15,
CSV202608280004,CSV,2026-08-28,4,CSV202608280004.csv,2245,b8d413ef86c119dbb6b39d7686431f07de32c86f403d62dbe68e66da45a2b251,text/csv; charset=utf-8,2026-08-28T13:47:29.664Z,2026-08-28T20:37:51.742Z,investigador.demo,custodio.demo,paula.benitez,13,
CSV202608280005,CSV,2026-08-28,5,CSV202608280005.csv,4144,95f7994a97ef5d549947fa51d3ed409f2eff0a38e495a9667ff122bbee0b7c85,text/csv; charset=utf-8,2026-08-26T21:59:17.294Z,2026-08-28T21:32:30.732Z,irene.calvo,nuria.paredes,carmen.robles,3,
CSV202608290001,CSV,2026-08-29,1,CSV202608290001.csv,2958,cb4e870d88fa874c481bc29eb7a8e995384132d22e64e24b316c797a3a804ae4,text/csv; charset=utf-8,2026-08-28T12:43:59.703Z,2026-08-29T02:53:32.726Z,investigador.demo,custodio.demo,nuria.paredes,3,
CSV202608290002,CSV,2026-08-29,2,CSV202608290002.csv,3080,f0fae8ebc9dd94fcf2558be04a6125b251cea8ec7cf426342552397151b78a34,text/csv; charset=utf-8,2026-08-28T18:52:22.246Z,2026-08-29T19:55:03.073Z,martin.ochoa,paula.benitez,paula.benitez,9,
CSV202608290003,CSV,2026-08-29,3,CSV202608290003.csv,2895,6a22c44b376106bb50b1945fb0320b1b4ddd5d14f49263e397a8a9b3649166bb,text/csv; charset=utf-8,2026-08-28T21:53:31.456Z,2026-08-29T22:36:44.178Z,irene.calvo,oscar.villalba,oscar.villalba,1,
CSV202608300001,CSV,2026-08-30,1,CSV202608300001.csv,4669,3259643e54bdac5e656fc6f0d7058648a4107102fcb092f626d1e06b59d5271e,text/csv; charset=utf-8,2026-08-28T09:12:30.845Z,2026-08-30T01:11:02.483Z,martin.ochoa,paula.benitez,oscar.villalba,17,
CSV202608300002,CSV,2026-08-30,2,CSV202608300002.csv,1169,08b8b681b3404d5189e78131e311258ed495ce534d43606f6f55cded465cc61a,text/csv; charset=utf-8,2026-08-27T18:52:41.020Z,2026-08-30T05:52:13.391Z,investigador.demo,carmen.robles,paula.benitez,11,
CSV202608300003,CSV,2026-08-30,3,CSV202608300003.csv,3444,e2200036c1fb288d8509dd7b4311d42e41041b88ff754a9fac6aee82f7675668,text/csv; charset=utf-8,2026-08-29T08:23:01.549Z,2026-08-30T06:08:16.370Z,martin.ochoa,paula.benitez,hector.lozano,15,
CSV202608300004,CSV,2026-08-30,4,CSV202608300004.csv,1533,181da674da11d2683daa2afaa6163539c8dc1ed94fe69ad3c077f3807ab6f012,text/csv; charset=utf-8,2026-08-27T18:50:07.001Z,2026-08-30T08:42:16.855Z,martin.ochoa,paula.benitez,oscar.villalba,19,
CSV202608300005,CSV,2026-08-30,5,CSV202608300005.csv,3002,84873e4e5daf9bb8082ac445ec7f840632a8f569afc9f81d61dcb17eead4b4eb,text/csv; charset=utf-8,2026-08-28T14:16:49.083Z,2026-08-30T22:07:15.393Z,irene.calvo,custodio.demo,paula.benitez,13,
CSV202608310001,CSV,2026-08-31,1,CSV202608310001.csv,3759,19e0fa72a82d21ef99eeca2fae383e56fbf4a794ca65dcaf9ed1cdcd2cd7aeef,text/csv; charset=utf-8,2026-08-28T12:08:15.070Z,2026-08-31T03:11:46.820Z,investigador.demo,hector.lozano,nuria.paredes,13,
CSV202608310002,CSV,2026-08-31,2,CSV202608310002.csv,3116,698c82a70d2ea21dc0aa8442b7e9d072468f4f6953d72d6fdfeb62e6133ea7cf,text/csv; charset=utf-8,2026-08-30T22:49:23.355Z,2026-08-31T19:54:43.075Z,martin.ochoa,carmen.robles,nuria.paredes,13,
CSV202609010001,CSV,2026-09-01,1,CSV202609010001.csv,3095,163550c03db62c2cb43f11ccda607834316f91e34af5f379e7fc4dda4c4515c3,text/csv; charset=utf-8,2026-08-30T02:44:05.145Z,2026-09-01T03:44:02.214Z,martin.ochoa,oscar.villalba,hector.lozano,9,
CSV202609010002,CSV,2026-09-01,2,CSV202609010002.csv,3225,813b57a3587b323fa7f0066ad5b3d9f418ead3c2cf277d9b7c35108d3c4c1df1,text/csv; charset=utf-8,2026-08-31T08:08:01.757Z,2026-09-01T08:52:23.155Z,martin.ochoa,hector.lozano,carmen.robles,15,
CSV202609010003,CSV,2026-09-01,3,CSV202609010003.csv,3922,1d3fde30fd8a74f89c196c8356e0d4f1a6925d63a643dbfe7c4e556fb34cb4d6,text/csv; charset=utf-8,2026-08-30T14:59:43.351Z,2026-09-01T09:43:41.495Z,investigador.demo,hector.lozano,paula.benitez,17,
CSV202609010004,CSV,2026-09-01,4,CSV202609010004.csv,2213,b64202211d4a61f686b03c1a556dde83bbf14dee0c25680bf90f2c90e36f8c1e,text/csv; charset=utf-8,2026-08-30T14:17:50.253Z,2026-09-01T10:57:13.623Z,irene.calvo,paula.benitez,hector.lozano,7,
CSV202609010005,CSV,2026-09-01,5,CSV202609010005.csv,4958,6751ffa036ca2197a47e5c2bcca0a84bace0f0bd3bf69d5c187d265c233f758b,text/csv; charset=utf-8,2026-08-29T18:13:03.508Z,2026-09-01T15:22:30.419Z,irene.calvo,carmen.robles,carmen.robles,1,
CSV202609010006,CSV,2026-09-01,6,CSV202609010006.csv,3672,7c2116b0a9db34fc500f4a76cfc90e94d3d51eec4b61313df467c3513107f831,text/csv; charset=utf-8,2026-09-01T15:57:51.264Z,2026-09-01T16:26:11.030Z,investigador.demo,paula.benitez,paula.benitez,19,
CSV202609010007,CSV,2026-09-01,7,CSV202609010007.csv,3900,7f131cb76892a89d5a391fa66317bec95f9c714401178f138d55e7ce5a048cf7,text/csv; charset=utf-8,2026-09-01T11:43:19.619Z,2026-09-01T23:33:13.120Z,irene.calvo,hector.lozano,oscar.villalba,7,
CSV202609020001,CSV,2026-09-02,1,CSV202609020001.csv,2336,8d9d6f2729c1fbdc7b7ff9ccde51c55bb64727f17105984b04353b0b58074d70,text/csv; charset=utf-8,2026-08-30T12:55:13.440Z,2026-09-02T08:30:16.427Z,investigador.demo,oscar.villalba,paula.benitez,17,
CSV202609020002,CSV,2026-09-02,2,CSV202609020002.csv,1613,376a66f736e6c20c8f3761d5bb9cd9fd88bed0ae4b49ef7672bb96c28b252d0e,text/csv; charset=utf-8,2026-09-01T23:05:59.532Z,2026-09-02T10:35:49.889Z,irene.calvo,oscar.villalba,carmen.robles,9,
CSV202609020003,CSV,2026-09-02,3,CSV202609020003.csv,4342,29250d5935632ff6f4711f646ffec556eda2ce02794c60ab80d4083120f9ff8b,text/csv; charset=utf-8,2026-09-01T15:18:44.619Z,2026-09-02T17:56:22.577Z,investigador.demo,nuria.paredes,oscar.villalba,17,
CSV202609030001,CSV,2026-09-03,1,CSV202609030001.csv,3426,3f35d75afceccf2400f65efa64c7ee1d0db682981e696d135947d1f0a0c87fe5,text/csv; charset=utf-8,2026-08-31T05:16:37.845Z,2026-09-03T04:24:04.615Z,irene.calvo,oscar.villalba,custodio.demo,17,
CSV202609030002,CSV,2026-09-03,2,CSV202609030002.csv,2071,8b5a8601bf9ff8896fd4ef774c0dc3a097da3ff37c0ff47495b0a855b65c0a46,text/csv; charset=utf-8,2026-09-02T13:16:17.805Z,2026-09-03T06:02:24.520Z,irene.calvo,oscar.villalba,oscar.villalba,1,
CSV202609030003,CSV,2026-09-03,3,CSV202609030003.csv,1224,73d52db3ad2b5625b30736b8c98ae1e2ae0353824212bd896f59a12adf58a1f8,text/csv; charset=utf-8,2026-09-02T18:14:37.397Z,2026-09-03T10:06:34.961Z,irene.calvo,oscar.villalba,oscar.villalba,9,
CSV202609030004,CSV,2026-09-03,4,CSV202609030004.csv,1278,6c6c5edb9bfa7d503013835836ac1067d4f3b7e0f1eba530a54d61ecf29990b0,text/csv; charset=utf-8,2026-09-01T19:16:54.363Z,2026-09-03T12:01:46.970Z,investigador.demo,oscar.villalba,nuria.paredes,9,
CSV202609030005,CSV,2026-09-03,5,CSV202609030005.csv,4323,d770044f0308b2323a0f9812dc69a1e3050bb53e46859e1e6920d79410832f6f,text/csv; charset=utf-8,2026-09-02T02:07:33.653Z,2026-09-03T18:07:52.656Z,irene.calvo,oscar.villalba,oscar.villalba,1,
CSV202609030006,CSV,2026-09-03,6,CSV202609030006.csv,1259,9d5b236410b6068f057832aa503bdb3465a333f239592920f2106dab6cb2f9a3,text/csv; charset=utf-8,2026-09-01T12:11:35.326Z,2026-09-03T21:58:29.942Z,investigador.demo,nuria.paredes,oscar.villalba,3,
CSV202609040001,CSV,2026-09-04,1,CSV202609040001.csv,2242,4699b5ce88a0b6d641c64634fca2b086f1a8c0aba5c6abaaefdabcb77b521292,text/csv; charset=utf-8,2026-09-01T22:38:34.535Z,2026-09-04T06:01:09.951Z,investigador.demo,hector.lozano,custodio.demo,13,
CSV202609040002,CSV,2026-09-04,2,CSV202609040002.csv,2179,121a7721028271ef9ef990974ba76cc0f14a16532593a291a7ce312b1b630448,text/csv; charset=utf-8,2026-09-04T12:11:24.596Z,2026-09-04T16:01:30.100Z,investigador.demo,carmen.robles,hector.lozano,9,
CSV202609050001,CSV,2026-09-05,1,CSV202609050001.csv,4694,da39c0f1af039405c0e38104bf5cb37b0093b0afd05d12f9f1397b1ced67b60d,text/csv; charset=utf-8,2026-09-04T00:49:39.464Z,2026-09-05T08:56:41.978Z,martin.ochoa,paula.benitez,nuria.paredes,5,
CSV202609050002,CSV,2026-09-05,2,CSV202609050002.csv,3701,6da1b0501bc260b988dcbd3452efed4d052eae59fb3ed907c6922c4e31cc46b6,text/csv; charset=utf-8,2026-09-05T03:00:01.574Z,2026-09-05T09:54:26.810Z,irene.calvo,paula.benitez,paula.benitez,1,
CSV202609050003,CSV,2026-09-05,3,CSV202609050003.csv,2675,fd2a4005b93bb6789d9c91a5ce5f4b3f9e54833674fb7252c5f405bc531ccb30,text/csv; charset=utf-8,2026-09-05T17:01:23.364Z,2026-09-05T21:47:29.174Z,martin.ochoa,hector.lozano,hector.lozano,1,
CSV202609060001,CSV,2026-09-06,1,CSV202609060001.csv,1481,ed2d19caf23ccb015b5d134ab69565563c8134bc78c126ab690297cc3ec6bfed,text/csv; charset=utf-8,2026-09-05T05:20:53.008Z,2026-09-06T00:55:36.125Z,investigador.demo,paula.benitez,custodio.demo,13,
CSV202609060002,CSV,2026-09-06,2,CSV202609060002.csv,3867,3e1c4fd7833d3ac5a745e551050abb9c6dc6ed67f1a5ced1db1a5766ed7acc14,text/csv; charset=utf-8,2026-09-03T09:06:16.775Z,2026-09-06T03:59:23.982Z,investigador.demo,oscar.villalba,hector.lozano,7,
CSV202609060003,CSV,2026-09-06,3,CSV202609060003.csv,3206,79033effcfde8a1165dae92232e15a32549c2da7b41890e532a94f9f21f7f719,text/csv; charset=utf-8,2026-09-05T02:57:50.762Z,2026-09-06T04:09:47.713Z,investigador.demo,hector.lozano,nuria.paredes,17,
CSV202609060004,CSV,2026-09-06,4,CSV202609060004.csv,4470,0403d308d776a6d195bc58ac62392c3bcb71233c1ef50c8a872a827e65415cc6,text/csv; charset=utf-8,2026-09-03T17:07:27.109Z,2026-09-06T04:47:38.088Z,martin.ochoa,custodio.demo,custodio.demo,19,
CSV202609070001,CSV,2026-09-07,1,CSV202609070001.csv,2302,bf9aebbe1645c0ea039e926a6111175f6c8c4267d99205f5754df830fecb4762,text/csv; charset=utf-8,2026-09-06T13:36:09.874Z,2026-09-07T02:42:59.062Z,investigador.demo,oscar.villalba,nuria.paredes,3,
CSV202609070002,CSV,2026-09-07,2,CSV202609070002.csv,4816,82dd364f2ced1535d9392a27455eb889881e7344dd86a868c2b2045eb6a81c84,text/csv; charset=utf-8,2026-09-05T15:15:25.836Z,2026-09-07T02:46:17.014Z,martin.ochoa,custodio.demo,carmen.robles,7,
CSV202609070003,CSV,2026-09-07,3,CSV202609070003.csv,1632,83b17e6293dbce95c80f2fe2cff56296db4f37758b5783f64fd663874ef438e5,text/csv; charset=utf-8,2026-09-05T18:46:43.107Z,2026-09-07T13:37:07.682Z,irene.calvo,nuria.paredes,custodio.demo,3,
CSV202609080001,CSV,2026-09-08,1,CSV202609080001.csv,2260,1b4055fccd0274c0cb1dae3f137397085547ba615d21e021303100ce0e468f7f,text/csv; charset=utf-8,2026-09-05T17:26:04.996Z,2026-09-08T04:59:19.309Z,irene.calvo,paula.benitez,carmen.robles,11,
CSV202609080002,CSV,2026-09-08,2,CSV202609080002.csv,4266,9a681fa57ece40a02abcdfa72e145c454c9d9047afac3b349cedff0323ebd970,text/csv; charset=utf-8,2026-09-07T09:40:19.139Z,2026-09-08T07:56:16.277Z,martin.ochoa,paula.benitez,oscar.villalba,7,
CSV202609080003,CSV,2026-09-08,3,CSV202609080003.csv,3428,91036f78d84b850a65b1b6b452dbe3a9e06445f0feb8c959e9900b9a61d0b48e,text/csv; charset=utf-8,2026-09-08T04:08:27.254Z,2026-09-08T09:32:24.887Z,martin.ochoa,paula.benitez,custodio.demo,5,
CSV202609080004,CSV,2026-09-08,4,CSV202609080004.csv,1614,3c5a54e0ae83c2fe3314e56199c881bf7a99cbb8918bd7d82dae1cd54cf65780,text/csv; charset=utf-8,2026-09-08T07:20:54.944Z,2026-09-08T15:36:07.631Z,investigador.demo,nuria.paredes,carmen.robles,17,
CSV202609080005,CSV,2026-09-08,5,CSV202609080005.csv,2447,c87ac6890a9a90f2902a071d9601292f46cf2e4e41d7958f0ec501497aa50637,text/csv; charset=utf-8,2026-09-06T06:07:00.426Z,2026-09-08T17:17:52.792Z,martin.ochoa,oscar.villalba,paula.benitez,11,
CSV202609080006,CSV,2026-09-08,6,CSV202609080006.csv,3111,e2fc68c16065dfb40496d16d3b6f5ab50260633604d34ad797df7e7093ed74e7,text/csv; charset=utf-8,2026-09-06T08:20:10.882Z,2026-09-08T22:47:04.056Z,investigador.demo,carmen.robles,nuria.paredes,15,
CSV202609090001,CSV,2026-09-09,1,CSV202609090001.csv,2074,bfac6c69314a826d59089bddbe509fc0b9336c23e1b0ec1e20a896ce7861133e,text/csv; charset=utf-8,2026-09-07T14:03:49.024Z,2026-09-09T06:59:48.287Z,investigador.demo,carmen.robles,carmen.robles,15,
CSV202609100001,CSV,2026-09-10,1,CSV202609100001.csv,3564,f487bcb73022ac1a4e722d068d0dc3b85629098c2eb80987a4b176b720d5dad2,text/csv; charset=utf-8,2026-09-09T19:09:13.585Z,2026-09-10T08:07:50.191Z,investigador.demo,oscar.villalba,nuria.paredes,15,
CSV202609100002,CSV,2026-09-10,2,CSV202609100002.csv,3672,2214cecbda5afeec0a6475a1133c3039bad37ac78bc794fd71b12a452336cf6e,text/csv; charset=utf-8,2026-09-09T03:39:41.557Z,2026-09-10T21:40:39.217Z,martin.ochoa,hector.lozano,oscar.villalba,15,
CSV202609110001,CSV,2026-09-11,1,CSV202609110001.csv,3335,e3fc6659f9e72eea2f735a340c357b7aa6562fb1da29b9497eee370ce24215cd,text/csv; charset=utf-8,2026-09-08T04:04:16.571Z,2026-09-11T03:32:05.272Z,investigador.demo,nuria.paredes,custodio.demo,3,
CSV202609110002,CSV,2026-09-11,2,CSV202609110002.csv,3352,63ae262bea4da2948e28a314f13e073098446e58569718089581ee31afb80f79,text/csv; charset=utf-8,2026-09-09T10:31:51.348Z,2026-09-11T05:10:05.539Z,irene.calvo,custodio.demo,nuria.paredes,3,
CSV202609110003,CSV,2026-09-11,3,CSV202609110003.csv,1222,21535a64abee5ffc6a693a4c7840b8c61dcee617c7daeab0f759c7bc9b3f4578,text/csv; charset=utf-8,2026-09-11T01:53:15.602Z,2026-09-11T06:51:03.883Z,irene.calvo,nuria.paredes,oscar.villalba,13,
CSV202609110004,CSV,2026-09-11,4,CSV202609110004.csv,2914,bd1a7bd341bdc85445cde3269d7a78d6a3e044f13b3c58ac61f2cc057e708524,text/csv; charset=utf-8,2026-09-09T23:14:28.376Z,2026-09-11T07:09:20.258Z,martin.ochoa,carmen.robles,carmen.robles,19,
CSV202609120001,CSV,2026-09-12,1,CSV202609120001.csv,2710,8a48485d7bb1cb151834ac733f7665a131d2a0a3db011773808e19ff6d508773,text/csv; charset=utf-8,2026-09-10T10:42:46.596Z,2026-09-12T15:53:47.434Z,irene.calvo,custodio.demo,paula.benitez,9,
CSV202609120002,CSV,2026-09-12,2,CSV202609120002.csv,4943,7509fa5d0cb8deadf9d23a34741b2c45defeef5806eebefa11c863d6dd60c9a9,text/csv; charset=utf-8,2026-09-09T21:30:30.767Z,2026-09-12T20:26:59.136Z,martin.ochoa,paula.benitez,carmen.robles,17,
CSV202609130001,CSV,2026-09-13,1,CSV202609130001.csv,2522,71995b9a5669bc38edbb9d0251b038dd311060b571b5e08cf9c6a6125bcac9fe,text/csv; charset=utf-8,2026-09-10T02:30:08.343Z,2026-09-13T02:29:14.264Z,irene.calvo,nuria.paredes,hector.lozano,15,
CSV202609130002,CSV,2026-09-13,2,CSV202609130002.csv,1310,cd6f05ba90d1808f94cd59959cd2c88100493340be87a241acf3d40899969252,text/csv; charset=utf-8,2026-09-10T14:57:47.649Z,2026-09-13T05:10:46.820Z,martin.ochoa,nuria.paredes,hector.lozano,13,
CSV202609130003,CSV,2026-09-13,3,CSV202609130003.csv,2559,c3d01fe48e3cfd7a28609db6f52a49fcc66b4b7f1cc174ad0c72d5c8fd362743,text/csv; charset=utf-8,2026-09-11T12:03:51.290Z,2026-09-13T06:06:05.263Z,irene.calvo,oscar.villalba,paula.benitez,15,
CSV202609130004,CSV,2026-09-13,4,CSV202609130004.csv,4630,9f46866b7e086dda79880cf074bfb4cbec6f18a60c272ce3271dfd54c39f5f0e,text/csv; charset=utf-8,2026-09-12T19:16:46.159Z,2026-09-13T17:58:47.232Z,irene.calvo,nuria.paredes,paula.benitez,15,
CSV202609130005,CSV,2026-09-13,5,CSV202609130005.csv,3602,534eaff70eff3c5a76352a2340fd7be066d121561e5aebf00590b19d4a2e448c,text/csv; charset=utf-8,2026-09-11T03:08:19.070Z,2026-09-13T20:31:56.852Z,martin.ochoa,nuria.paredes,nuria.paredes,7,
CSV202609140001,CSV,2026-09-14,1,CSV202609140001.csv,4393,9a22ed79e5b7e568883883128b583dd3ef466ec15a8b5538ac1ad5056e6d1f4a,text/csv; charset=utf-8,2026-09-13T19:34:48.335Z,2026-09-14T10:10:52.347Z,investigador.demo,carmen.robles,hector.lozano,15,
CSV202609140002,CSV,2026-09-14,2,CSV202609140002.csv,1933,058db1a6af79dc56605a418d6490aeccf23ca916cf20b515d1c5bc5439f409b2,text/csv; charset=utf-8,2026-09-12T00:20:25.086Z,2026-09-14T13:26:42.912Z,martin.ochoa,carmen.robles,nuria.paredes,3,
CSV202609140003,CSV,2026-09-14,3,CSV202609140003.csv,2073,071a31dde0909c3bdd46bc5905ea9f659bb200c524860c5522958aee48773d63,text/csv; charset=utf-8,2026-09-14T08:13:01.318Z,2026-09-14T17:43:33.882Z,martin.ochoa,paula.benitez,hector.lozano,17,
CSV202609140004,CSV,2026-09-14,4,CSV202609140004.csv,3937,ff100101436f84592d550b2132ccd94a7238a32b90f3cb797d7470b46f3503fe,text/csv; charset=utf-8,2026-09-12T00:25:59.398Z,2026-09-14T21:03:16.311Z,martin.ochoa,custodio.demo,oscar.villalba,13,
CSV202609150001,CSV,2026-09-15,1,CSV202609150001.csv,4737,e9a8b339a778216802ffcfb98727e3ac2cb5e1d5fef145242be46588869e8326,text/csv; charset=utf-8,2026-09-13T17:05:32.074Z,2026-09-15T00:26:49.044Z,investigador.demo,oscar.villalba,paula.benitez,13,
CSV202609150002,CSV,2026-09-15,2,CSV202609150002.csv,1440,e071133b62b2a7bd337efc0e57d54494b49caacf96469acaea6bcdb5f4bd9ec6,text/csv; charset=utf-8,2026-09-14T09:00:51.637Z,2026-09-15T02:42:07.008Z,martin.ochoa,paula.benitez,paula.benitez,15,
CSV202609150003,CSV,2026-09-15,3,CSV202609150003.csv,1736,a97505d5ca7cb24617cbc7b01412d3f0298cbc4420ea3a60d9456fd5af1bbedb,text/csv; charset=utf-8,2026-09-14T19:59:52.838Z,2026-09-15T07:10:32.074Z,irene.calvo,oscar.villalba,custodio.demo,21,
CSV202609160001,CSV,2026-09-16,1,CSV202609160001.csv,3512,9094feefb82ef82976ba9be64406543a68f5fd6afdd087f9fd30fc7cf43e940c,text/csv; charset=utf-8,2026-09-16T01:28:48.029Z,2026-09-16T03:53:23.364Z,martin.ochoa,oscar.villalba,hector.lozano,15,
CSV202609160002,CSV,2026-09-16,2,CSV202609160002.csv,4344,dc772322affb97ed5a8b9566c64531007e365a4ab1168091cf6847f7735c6797,text/csv; charset=utf-8,2026-09-13T23:37:11.808Z,2026-09-16T04:03:24.572Z,investigador.demo,oscar.villalba,paula.benitez,21,
CSV202609160003,CSV,2026-09-16,3,CSV202609160003.csv,2263,74c78b453205b97e8344915794ea85c5d7e94b21441c8cb4c20fbd9720466a1a,text/csv; charset=utf-8,2026-09-14T06:01:36.263Z,2026-09-16T05:58:54.840Z,irene.calvo,carmen.robles,custodio.demo,9,
CSV202609160004,CSV,2026-09-16,4,CSV202609160004.csv,2954,d2299c83fb50789dc4bc284ec908db045db0fd9173498c323e6f4504d8019e54,text/csv; charset=utf-8,2026-09-13T15:51:06.525Z,2026-09-16T11:09:38.072Z,investigador.demo,hector.lozano,carmen.robles,15,
CSV202609160005,CSV,2026-09-16,5,CSV202609160005.csv,1708,52938babfd960266935d28ee0599afde86d47b199a7004fbcd0cf85c66db7210,text/csv; charset=utf-8,2026-09-16T01:03:12.095Z,2026-09-16T17:01:43.405Z,martin.ochoa,paula.benitez,nuria.paredes,3,
CSV202609160006,CSV,2026-09-16,6,CSV202609160006.csv,2156,1f75cf74232d716b6c4dafa825be2acef6408521bee38b75e8d36c9d6e457134,text/csv; charset=utf-8,2026-09-14T20:58:57.993Z,2026-09-16T17:33:08.332Z,investigador.demo,hector.lozano,carmen.robles,5,
CSV202609170001,CSV,2026-09-17,1,CSV202609170001.csv,1629,842e10e37be587b7a1bd0e1a3882f3de536f06f0575242ae36da9878689da582,text/csv; charset=utf-8,2026-09-17T07:06:53.072Z,2026-09-17T07:36:56.658Z,investigador.demo,carmen.robles,nuria.paredes,11,
CSV202609170002,CSV,2026-09-17,2,CSV202609170002.csv,3993,153042568b7a4911a6646e55b3618a228a04a79e96a27b5c81325b6d9d66105a,text/csv; charset=utf-8,2026-09-15T17:44:23.288Z,2026-09-17T13:11:32.100Z,martin.ochoa,hector.lozano,hector.lozano,13,
CSV202609180001,CSV,2026-09-18,1,CSV202609180001.csv,1277,b23b2bd0dc19d01cb2fbf98279bebf829f6853b03cfc41574310599702b7f91b,text/csv; charset=utf-8,2026-09-15T16:59:23.082Z,2026-09-18T06:57:05.550Z,martin.ochoa,carmen.robles,custodio.demo,21,
CSV202609180002,CSV,2026-09-18,2,CSV202609180002.csv,1706,6e0c08432261ac81193bbfa3ac9442f09d07f4b17a44ed7433fbd7c1fae5c153,text/csv; charset=utf-8,2026-09-17T06:08:10.649Z,2026-09-18T14:04:37.625Z,investigador.demo,oscar.villalba,custodio.demo,21,
CSV202609190001,CSV,2026-09-19,1,CSV202609190001.csv,2918,5daa5f49aa4cf75be49be826dd5cec5aaa0233daa568311d2aefc4568168e2f5,text/csv; charset=utf-8,2026-09-16T07:34:23.354Z,2026-09-19T07:05:35.040Z,martin.ochoa,custodio.demo,oscar.villalba,19,
CSV202609190002,CSV,2026-09-19,2,CSV202609190002.csv,4227,ba3d42ebb062ff10ad0589386d41f0029e9a14de2a553f31e6f47c872c3364e2,text/csv; charset=utf-8,2026-09-17T17:13:20.759Z,2026-09-19T15:44:49.317Z,investigador.demo,oscar.villalba,hector.lozano,17,
CSV202609200001,CSV,2026-09-20,1,CSV202609200001.csv,4096,8e8dab530194489dbf88d7ddbb594227e9fd2a34d51a76d562655da84c7c559c,text/csv; charset=utf-8,2026-09-19T20:44:32.645Z,2026-09-20T19:10:49.429Z,investigador.demo,carmen.robles,custodio.demo,3,
CSV202609210001,CSV,2026-09-21,1,CSV202609210001.csv,3870,f29c167f5881d2ed5dba470b4dd40558b3fa85714a7dd6a54510f92426db3a19,text/csv; charset=utf-8,2026-09-20T23:15:19.972Z,2026-09-21T03:19:03.579Z,irene.calvo,paula.benitez,oscar.villalba,3,
CSV202609210002,CSV,2026-09-21,2,CSV202609210002.csv,2010,e2e7c6319c12daa4accf3fbf84b3c5a06ec4b9198ac592434c0973576a87d703,text/csv; charset=utf-8,2026-09-19T16:34:13.054Z,2026-09-21T07:52:52.518Z,investigador.demo,hector.lozano,paula.benitez,7,
CSV202609210003,CSV,2026-09-21,3,CSV202609210003.csv,4446,0bb2f175b3f444c18a38d828886972ec6ee380561ef3f597992b85f00e43fb82,text/csv; charset=utf-8,2026-09-19T08:50:30.223Z,2026-09-21T16:59:05.366Z,martin.ochoa,custodio.demo,custodio.demo,11,
CSV202609210004,CSV,2026-09-21,4,CSV202609210004.csv,1967,728e3dac67d678db6d7861c96e130e9dc2522411bcfcd27fb001d32c567c2266,text/csv; charset=utf-8,2026-09-19T07:25:29.667Z,2026-09-21T23:04:28.190Z,irene.calvo,custodio.demo,carmen.robles,13,
CSV202609220001,CSV,2026-09-22,1,CSV202609220001.csv,4129,0533ec0b7f140a9d9de223db6b38422abaa0795f84572fbdbaa4525ca5d6b306,text/csv; charset=utf-8,2026-09-19T23:52:31.464Z,2026-09-22T10:39:41.524Z,irene.calvo,nuria.paredes,hector.lozano,5,
CSV202609220002,CSV,2026-09-22,2,CSV202609220002.csv,3367,d433003cf7aebb69e5d0b26d54c6c0b63bedc3ca1fb78e4f7f010eafea983415,text/csv; charset=utf-8,2026-09-19T20:04:04.577Z,2026-09-22T10:59:55.501Z,martin.ochoa,nuria.paredes,oscar.villalba,7,
CSV202609230001,CSV,2026-09-23,1,CSV202609230001.csv,2282,00027eb9fa1d18e7e20193a2430951a658972554f510e81f95b3e6aec06d582b,text/csv; charset=utf-8,2026-09-20T07:14:25.940Z,2026-09-23T03:43:17.961Z,irene.calvo,carmen.robles,paula.benitez,15,
CSV202609230002,CSV,2026-09-23,2,CSV202609230002.csv,4357,6fa4c1b299174371e7cc0a84186414de4c06f9089d53e28d6ee2ebed0147900e,text/csv; charset=utf-8,2026-09-23T06:02:09.700Z,2026-09-23T07:55:39.334Z,irene.calvo,nuria.paredes,nuria.paredes,9,
CSV202609230003,CSV,2026-09-23,3,CSV202609230003.csv,2506,fde5e8e40ee34daf83ad659fc66b5b5d28c1a78413a59250c00e088a755a948a,text/csv; charset=utf-8,2026-09-21T03:04:19.544Z,2026-09-23T08:14:05.757Z,investigador.demo,hector.lozano,nuria.paredes,9,
CSV202609240001,CSV,2026-09-24,1,CSV202609240001.csv,2508,3d241c51bdb182e57c4c75d6ae4ca1416be854bd77bf8a30a9e6ded6c2bfab60,text/csv; charset=utf-8,2026-09-21T05:48:05.794Z,2026-09-24T00:23:16.255Z,investigador.demo,hector.lozano,nuria.paredes,3,
CSV202609250001,CSV,2026-09-25,1,CSV202609250001.csv,2069,2830fac13d9f941df1c0e07fbb9a62c3b09aaee359694b2a0c09b4dd7bc8ab78,text/csv; charset=utf-8,2026-09-23T03:48:33.152Z,2026-09-25T06:57:13.937Z,irene.calvo,hector.lozano,nuria.paredes,7,
CSV202609250002,CSV,2026-09-25,2,CSV202609250002.csv,1653,931acd1c8f929caca69ff4014606965d8d4d412a44a1db129babbcb665ed18f6,text/csv; charset=utf-8,2026-09-23T08:06:20.488Z,2026-09-25T15:02:58.139Z,irene.calvo,custodio.demo,paula.benitez,11,
CSV202609250003,CSV,2026-09-25,3,CSV202609250003.csv,2385,39545c66e0f5793969c1836a14ed2fc7d8b25e765c0a2de6ece8800bbe6931d8,text/csv; charset=utf-8,2026-09-24T08:59:09.299Z,2026-09-25T20:05:20.487Z,martin.ochoa,paula.benitez,custodio.demo,9,
CSV202609250004,CSV,2026-09-25,4,CSV202609250004.csv,4785,1f145a60bd590c8271f889ae6a5bc182bf970030c350af8c04a2c11abf471fda,text/csv; charset=utf-8,2026-09-24T14:11:17.164Z,2026-09-25T22:24:34.362Z,martin.ochoa,paula.benitez,paula.benitez,9,
CSV202609250005,CSV,2026-09-25,5,CSV202609250005.csv,4807,926475cfb4b9f61c0a75c5b39b2c38ff16e37d522e88f822e39961a760b8cc07,text/csv; charset=utf-8,2026-09-23T19:31:58.233Z,2026-09-25T22:28:16.832Z,investigador.demo,carmen.robles,carmen.robles,5,
CSV202609260001,CSV,2026-09-26,1,CSV202609260001.csv,1701,0df7afb1cd8b3a307ab7fb111b5332c9a7436772f1101a8036c69ec574073484,text/csv; charset=utf-8,2026-09-26T03:01:12.977Z,2026-09-26T04:11:09.508Z,martin.ochoa,carmen.robles,carmen.robles,11,
CSV202609260002,CSV,2026-09-26,2,CSV202609260002.csv,1123,01cf5cceaa306a4afd945737f38251043301ee66b8584f05e437e6745cb01827,text/csv; charset=utf-8,2026-09-26T00:23:19.605Z,2026-09-26T06:57:55.161Z,irene.calvo,carmen.robles,oscar.villalba,11,
CSV202609260003,CSV,2026-09-26,3,CSV202609260003.csv,4142,12675fb482f1320dd9c77116efdfb388a02a8b9c6f884b691e9928bb0f95e858,text/csv; charset=utf-8,2026-09-25T01:47:54.739Z,2026-09-26T11:19:21.967Z,martin.ochoa,oscar.villalba,carmen.robles,7,
CSV202609260004,CSV,2026-09-26,4,CSV202609260004.csv,4786,f31d1e04f137a85a2d996dabc823048337e9c310c695c9204b6e5dc228657945,text/csv; charset=utf-8,2026-09-25T03:48:30.970Z,2026-09-26T23:19:05.279Z,irene.calvo,oscar.villalba,nuria.paredes,5,
CSV202609270001,CSV,2026-09-27,1,CSV202609270001.csv,4526,f1b50e859c4671fa3278d10ed5e2d733883d0bda44a03a0a118aa9d82752030d,text/csv; charset=utf-8,2026-09-26T14:37:05.794Z,2026-09-27T18:32:50.484Z,irene.calvo,oscar.villalba,carmen.robles,5,
CSV202609270002,CSV,2026-09-27,2,CSV202609270002.csv,1367,913cdf22457e9ac5af55c5df0b0fc8ee19be91978894b6d6f138baa8a66663e9,text/csv; charset=utf-8,2026-09-27T07:54:07.709Z,2026-09-27T23:47:32.946Z,irene.calvo,custodio.demo,oscar.villalba,7,
CSV202609280001,CSV,2026-09-28,1,CSV202609280001.csv,4307,2483f9c40156077981516f4d6da7c50e18a21fcdd7c9d874cbb98f98f8d69292,text/csv; charset=utf-8,2026-09-27T08:35:27.264Z,2026-09-28T01:56:14.836Z,irene.calvo,oscar.villalba,custodio.demo,7,
CSV202609280002,CSV,2026-09-28,2,CSV202609280002.csv,1184,c648bdd272543c0e7ca013974b304ef2f4f8089a99daa55f90e0e710f46e8bc9,text/csv; charset=utf-8,2026-09-25T22:58:15.820Z,2026-09-28T05:50:57.990Z,investigador.demo,nuria.paredes,paula.benitez,7,
CSV202609280003,CSV,2026-09-28,3,CSV202609280003.csv,3538,1e06e71d82fed7744efdf8669aefb57280736371870e5d8451469364af7f229c,text/csv; charset=utf-8,2026-09-26T13:06:13.599Z,2026-09-28T09:58:49.092Z,irene.calvo,oscar.villalba,custodio.demo,7,
CSV202609290001,CSV,2026-09-29,1,CSV202609290001.csv,2729,2218fd496b773f207e005428e970131c55e9ad830f83ace09f29e7ba6ba03d3f,text/csv; charset=utf-8,2026-09-26T20:24:40.411Z,2026-09-29T02:46:24.074Z,irene.calvo,custodio.demo,hector.lozano,5,
CSV202609290002,CSV,2026-09-29,2,CSV202609290002.csv,4525,d711d59329cdefe9eeedf4e038e67931354aa6e57ac8b6a1a0525a853647de87,text/csv; charset=utf-8,2026-09-26T06:07:30.705Z,2026-09-29T05:46:19.813Z,investigador.demo,paula.benitez,nuria.paredes,5,
CSV202609290003,CSV,2026-09-29,3,CSV202609290003.csv,1969,bd9d9f6c909bdff3dc14a4e2002d04f40be6af01de047bc175ebe3dc871fa457,text/csv; charset=utf-8,2026-09-28T18:25:55.870Z,2026-09-29T12:00:52.577Z,martin.ochoa,oscar.villalba,nuria.paredes,3,
CSV202609300001,CSV,2026-09-30,1,CSV202609300001.csv,2358,0b7dae0d47dfcb102aa5897a85e9989252f1f9e27fcf2cf82ff06c53ae5bfeea,text/csv; charset=utf-8,2026-09-27T10:05:22.419Z,2026-09-30T06:12:28.909Z,martin.ochoa,oscar.villalba,paula.benitez,3,
CSV202609300002,CSV,2026-09-30,2,CSV202609300002.csv,4623,4b86faaeb482e3a477ed96f2269ea2cecb8119f2cef4a94bb8ff84aa0f88afce,text/csv; charset=utf-8,2026-09-27T11:50:51.175Z,2026-09-30T10:47:35.875Z,martin.ochoa,custodio.demo,nuria.paredes,3,
CSV202609300003,CSV,2026-09-30,3,CSV202609300003.csv,1977,d326f918a2b3a62f19cda564f5691225b96c6a9ab678dacc742bbcd8b4b6b7d9,text/csv; charset=utf-8,2026-09-28T12:15:54.935Z,2026-09-30T15:31:10.419Z,irene.calvo,oscar.villalba,custodio.demo,3,
EML202607030001,EML,2026-07-03,1,EML202607030001.eml,2150,9d007650c90e9a4e2d0ad84a41a5f56cb89a13a314054f7359ffcdfb7995f07b,message/rfc822,2026-07-02T04:46:32.511Z,2026-07-03T03:56:11.370Z,martin.ochoa,oscar.villalba,carmen.robles,11,
EML202607030002,EML,2026-07-03,2,EML202607030002.eml,8866,d97a09d055c4a3d39743d2d673282eee6f468285312568e1c6d7fbe203f26f74,message/rfc822,2026-07-02T13:38:02.424Z,2026-07-03T17:02:30.488Z,irene.calvo,carmen.robles,nuria.paredes,13,
EML202607030003,EML,2026-07-03,3,EML202607030003.eml,3403,e400072a548b669450135aae61c50617cff4086462fe1e104e5969057e39a392,message/rfc822,2026-06-30T18:57:09.487Z,2026-07-03T17:49:17.905Z,investigador.demo,paula.benitez,paula.benitez,1,
EML202607040001,EML,2026-07-04,1,EML202607040001.eml,2530,ae4572f57f0c6b2273042e741b10ad0a3397806aab8f9fbfe0a42f1f41756ea1,message/rfc822,2026-07-01T15:53:59.026Z,2026-07-04T01:42:02.017Z,martin.ochoa,nuria.paredes,carmen.robles,19,
EML202607040002,EML,2026-07-04,2,EML202607040002.eml,9654,72bcd15f7b1d1525b3ffc09d2cdbb18d8e7b32edd2937cf5b5b511916320813f,message/rfc822,2026-07-04T06:29:21.781Z,2026-07-04T09:04:43.552Z,investigador.demo,carmen.robles,oscar.villalba,5,
EML202607040003,EML,2026-07-04,3,EML202607040003.eml,3912,eab01debe795c854fd71ba2228b624346c7f5b492c8becf9aeb28a119f9bce7f,message/rfc822,2026-07-04T05:25:23.005Z,2026-07-04T11:46:56.343Z,irene.calvo,custodio.demo,hector.lozano,19,
EML202607040004,EML,2026-07-04,4,EML202607040004.eml,7765,c107fcbbf3598063cee1d0752fed17f3295b9307f5a65332360c67a2dc7d9336,message/rfc822,2026-07-03T14:49:59.658Z,2026-07-04T14:11:11.685Z,investigador.demo,oscar.villalba,paula.benitez,15,
EML202607040005,EML,2026-07-04,5,EML202607040005.eml,4588,e410afb56db32eed3912656d436ec01a8d99b587fba53c62ef511e659a1fce34,message/rfc822,2026-07-04T15:09:03.317Z,2026-07-04T18:36:13.105Z,martin.ochoa,custodio.demo,hector.lozano,15,
EML202607050001,EML,2026-07-05,1,EML202607050001.eml,9855,0e356c0224167bf5d23bd7942d50cdeed1c53d9c48fb499a75346ef33a1beb0d,message/rfc822,2026-07-02T15:40:03.072Z,2026-07-05T05:58:31.339Z,investigador.demo,carmen.robles,oscar.villalba,15,
EML202607050002,EML,2026-07-05,2,EML202607050002.eml,7712,97d8d11256aca2ef9f34a52810fe2f6052bfb06d19eb3c3f6a813a037d1a7bfa,message/rfc822,2026-07-03T14:29:36.056Z,2026-07-05T11:00:28.591Z,irene.calvo,oscar.villalba,paula.benitez,19,
EML202607060001,EML,2026-07-06,1,EML202607060001.eml,6035,cc923e4a6ae7045ec7543fe46a53d197262b4ddc63080b16ff9df73bf85dbd3c,message/rfc822,2026-07-04T02:26:23.085Z,2026-07-06T19:12:10.263Z,martin.ochoa,custodio.demo,carmen.robles,5,
EML202607070001,EML,2026-07-07,1,EML202607070001.eml,2983,37517341be3552a27b8967f744fe1cad99b0ac416d64ff5745b73a0eaaee5623,message/rfc822,2026-07-05T21:11:49.819Z,2026-07-07T06:50:05.038Z,martin.ochoa,oscar.villalba,nuria.paredes,9,
EML202607070002,EML,2026-07-07,2,EML202607070002.eml,7524,d0f81c460a68643c3c5347fc5a6da2b573d4d97b99f6ad28a3945430cdca57bd,message/rfc822,2026-07-06T01:17:40.317Z,2026-07-07T09:03:12.149Z,irene.calvo,paula.benitez,hector.lozano,19,
EML202607070003,EML,2026-07-07,3,EML202607070003.eml,5030,421f45b9d89b29f216083f51431233d0892e682773fea8d2491ef37d4aec4f2e,message/rfc822,2026-07-05T16:33:04.441Z,2026-07-07T12:16:20.698Z,martin.ochoa,paula.benitez,custodio.demo,17,
EML202607070004,EML,2026-07-07,4,EML202607070004.eml,6350,d8b89f55bb84b1476dc7dba77c675292a0444e42d1331727abab03488a24953f,message/rfc822,2026-07-07T07:51:58.478Z,2026-07-07T13:54:04.423Z,investigador.demo,custodio.demo,paula.benitez,3,
EML202607080001,EML,2026-07-08,1,EML202607080001.eml,9857,cb17e220f8e4a7990b6a4d39d886a7331bbafdebad3a99c407075cb5b44a72c1,message/rfc822,2026-07-06T03:19:57.495Z,2026-07-08T02:37:11.914Z,martin.ochoa,nuria.paredes,carmen.robles,9,
EML202607080002,EML,2026-07-08,2,EML202607080002.eml,5314,6d0170e2ec00f918d205e60c7ae5c020145a0b6904c630ea443aba7344897a9f,message/rfc822,2026-07-06T19:19:42.304Z,2026-07-08T20:28:26.226Z,irene.calvo,carmen.robles,oscar.villalba,3,
EML202607090001,EML,2026-07-09,1,EML202607090001.eml,4365,2b74f5331d4f388a705cefbfb736a6ad39c30f1423dcad3609cf00c6aa0ebc98,message/rfc822,2026-07-09T00:34:20.748Z,2026-07-09T02:53:05.519Z,investigador.demo,carmen.robles,oscar.villalba,11,
EML202607090002,EML,2026-07-09,2,EML202607090002.eml,4401,e27b7d9faf65dda11797a835053c80d690f18e1939abe6e345ff8d1ea58bb747,message/rfc822,2026-07-08T02:57:25.356Z,2026-07-09T09:52:46.214Z,martin.ochoa,carmen.robles,hector.lozano,7,
EML202607090003,EML,2026-07-09,3,EML202607090003.eml,5398,71f54d6d7f60a149e2dfabb143f0f11889555473918485caa9aeb18dad7516df,message/rfc822,2026-07-08T10:29:03.997Z,2026-07-09T21:08:28.147Z,martin.ochoa,custodio.demo,paula.benitez,15,
EML202607100001,EML,2026-07-10,1,EML202607100001.eml,4722,8ab116a4a81f7161734f2c8552b074a5e89c23eeadba5f9ed09a8b409e9a1136,message/rfc822,2026-07-08T05:40:56.576Z,2026-07-10T14:05:55.019Z,irene.calvo,oscar.villalba,oscar.villalba,1,
EML202607100002,EML,2026-07-10,2,EML202607100002.eml,5690,21cd9dbb23864cbd912a85001d4dae47cfdd379bad545c019bb2aa55dc26ade3,message/rfc822,2026-07-10T01:21:28.701Z,2026-07-10T21:04:32.512Z,martin.ochoa,carmen.robles,custodio.demo,15,
EML202607110001,EML,2026-07-11,1,EML202607110001.eml,7704,ca322c5488aafd7286867e1f9e0357b8987a4a18c1d8bbe055ece410dcdebda2,message/rfc822,2026-07-08T14:23:16.956Z,2026-07-11T00:13:47.842Z,martin.ochoa,custodio.demo,paula.benitez,7,
EML202607110002,EML,2026-07-11,2,EML202607110002.eml,9862,134f170b65b5534d10020734dbe419ed682cac5f5dfe9e1bfcab0bf7bf89b714,message/rfc822,2026-07-10T04:08:57.235Z,2026-07-11T08:16:29.376Z,irene.calvo,nuria.paredes,oscar.villalba,13,
EML202607110003,EML,2026-07-11,3,EML202607110003.eml,8059,ac643d7480cfe5b2215a99cfa752533bca403fc3d06c5e8c3bcb854161e4fba0,message/rfc822,2026-07-08T18:56:17.622Z,2026-07-11T08:50:59.762Z,martin.ochoa,custodio.demo,paula.benitez,3,
EML202607110004,EML,2026-07-11,4,EML202607110004.eml,3132,2a3c961862b375f714a8794267ef5a6b6ccea431dcb9a4c9ba46b43234c2db55,message/rfc822,2026-07-10T19:38:45.237Z,2026-07-11T18:00:13.803Z,irene.calvo,hector.lozano,oscar.villalba,13,
EML202607120001,EML,2026-07-12,1,EML202607120001.eml,9897,c34551590d4fe0bc0f6ca83b374a59910ffcbabb4fc11a60c680477654a7c0bf,message/rfc822,2026-07-11T18:11:59.820Z,2026-07-12T01:04:47.924Z,investigador.demo,custodio.demo,oscar.villalba,17,
EML202607120002,EML,2026-07-12,2,EML202607120002.eml,4416,3d59f83c43e8c0c9fa700e60db769ebc66657bed37351ee14706ca3fd8a46c0c,message/rfc822,2026-07-10T04:35:32.922Z,2026-07-12T01:28:46.046Z,investigador.demo,carmen.robles,oscar.villalba,17,
EML202607120003,EML,2026-07-12,3,EML202607120003.eml,4356,6cc3151ebb80a4cc2c24dde60dd427300faedb0b250d1162d2cdd6141c0855a4,message/rfc822,2026-07-10T09:13:30.865Z,2026-07-12T01:35:10.610Z,irene.calvo,nuria.paredes,nuria.paredes,1,
EML202607120004,EML,2026-07-12,4,EML202607120004.eml,3883,980a397145e83092a9018a1723853e3cc870e336dbd3ae2e6d82c075b44eb035,message/rfc822,2026-07-10T01:32:07.245Z,2026-07-12T11:23:31.093Z,irene.calvo,paula.benitez,custodio.demo,9,
EML202607120005,EML,2026-07-12,5,EML202607120005.eml,7547,8fd99674e6b362dd81f8ea53a49fbc101f9b9211e9ebb411f4393e8875755041,message/rfc822,2026-07-09T22:03:19.356Z,2026-07-12T12:41:22.559Z,irene.calvo,custodio.demo,nuria.paredes,17,
EML202607120006,EML,2026-07-12,6,EML202607120006.eml,4928,5011cd5706e09d0a1b5ba8cc87bba185afdc62ba03f5a73f26cccf78e943b431,message/rfc822,2026-07-10T01:27:48.525Z,2026-07-12T17:16:07.571Z,irene.calvo,oscar.villalba,paula.benitez,19,
EML202607130001,EML,2026-07-13,1,EML202607130001.eml,2982,58ce48c3e45554a957a050e6d04d7a028b6861a4f89be8956a5bc71ff1223015,message/rfc822,2026-07-13T07:37:38.500Z,2026-07-13T19:25:27.894Z,irene.calvo,nuria.paredes,paula.benitez,17,
EML202607140001,EML,2026-07-14,1,EML202607140001.eml,9736,6c52989dc392e567baf5681783ff9e59962edf1cee1dd3dea9d654837983a322,message/rfc822,2026-07-11T19:43:29.117Z,2026-07-14T06:52:46.197Z,irene.calvo,hector.lozano,custodio.demo,3,
EML202607150001,EML,2026-07-15,1,EML202607150001.eml,7078,f0b512737d03be24a056e88dba2bfe974c9ddb60f1b24f570730070f7b14902e,message/rfc822,2026-07-12T15:32:08.963Z,2026-07-15T08:22:01.200Z,irene.calvo,carmen.robles,hector.lozano,11,
EML202607150002,EML,2026-07-15,2,EML202607150002.eml,6692,79edb031a8cfe4a1c2aad928bd0666fad265cdc708e02e14c9cc9ff022771ad9,message/rfc822,2026-07-15T09:53:23.295Z,2026-07-15T17:18:24.447Z,investigador.demo,oscar.villalba,custodio.demo,3,
EML202607150003,EML,2026-07-15,3,EML202607150003.eml,3616,c930e3a390c13e697fe85b27bbb52e67a04a58f0035acbee7713b3f0f6bb2ce8,message/rfc822,2026-07-14T01:14:00.166Z,2026-07-15T18:58:25.914Z,investigador.demo,carmen.robles,carmen.robles,1,
EML202607150004,EML,2026-07-15,4,EML202607150004.eml,3242,d27cc727fbd576b76d8f5e712a2e0c56de5fd46068191de21773a4dcba433f28,message/rfc822,2026-07-13T16:48:12.911Z,2026-07-15T23:22:15.351Z,martin.ochoa,hector.lozano,paula.benitez,5,
EML202607160001,EML,2026-07-16,1,EML202607160001.eml,7569,152d3e3c91fae3e2ba586f8459cda17616f54d14a8a1837fefef0f75edc54071,message/rfc822,2026-07-15T01:34:05.044Z,2026-07-16T02:30:40.576Z,investigador.demo,carmen.robles,custodio.demo,15,
EML202607160002,EML,2026-07-16,2,EML202607160002.eml,3770,a0c7588aff4c3a54ff2f60c419b5f2ec80f08218d5232f672e8755a4e7c2b164,message/rfc822,2026-07-16T03:30:40.826Z,2026-07-16T03:50:57.650Z,irene.calvo,hector.lozano,oscar.villalba,15,
EML202607160003,EML,2026-07-16,3,EML202607160003.eml,6682,74fe5d7533d72ccd702a8c24593a40d86b6dcb84f6e4d50517f295875af0c13d,message/rfc822,2026-07-13T13:49:21.379Z,2026-07-16T06:34:42.148Z,investigador.demo,hector.lozano,paula.benitez,19,
EML202607160004,EML,2026-07-16,4,EML202607160004.eml,4002,e6897ed4404ed5e1aed3479e4782502c796d3775334a83f461df0d137ae8419b,message/rfc822,2026-07-15T04:12:35.016Z,2026-07-16T16:12:54.088Z,investigador.demo,hector.lozano,oscar.villalba,19,
EML202607160005,EML,2026-07-16,5,EML202607160005.eml,5955,9a952fb49c3851880b0829eafdadc128478c1cde62e232551361b0b27809592d,message/rfc822,2026-07-14T12:56:32.314Z,2026-07-16T19:47:24.867Z,irene.calvo,carmen.robles,paula.benitez,11,
EML202607160006,EML,2026-07-16,6,EML202607160006.eml,9813,51fbbf4bf89f0fd2321177988061c66d8ba7e6cf6036c0c5b17de7b21457bd85,message/rfc822,2026-07-16T04:36:12.489Z,2026-07-16T19:55:55.308Z,martin.ochoa,custodio.demo,hector.lozano,15,
EML202607160007,EML,2026-07-16,7,EML202607160007.eml,5288,07497970cbd4596a9f0ad79bce4229398e8f667a54777e22b62866a84ccaddf7,message/rfc822,2026-07-16T15:46:19.799Z,2026-07-16T22:12:07.213Z,martin.ochoa,hector.lozano,paula.benitez,17,
EML202607170001,EML,2026-07-17,1,EML202607170001.eml,5843,73b8217a5728edee313c228a141386288a176febd9698fea1e5d0111a5bc6e8e,message/rfc822,2026-07-16T14:02:14.852Z,2026-07-17T00:02:06.640Z,investigador.demo,nuria.paredes,oscar.villalba,9,
EML202607170002,EML,2026-07-17,2,EML202607170002.eml,8788,ec95ceb4b58670f537faad0165427cd065da57c2b0c4ec57e3ffba23f35bf7e8,message/rfc822,2026-07-16T14:35:29.722Z,2026-07-17T04:34:50.953Z,investigador.demo,custodio.demo,custodio.demo,1,
EML202607170003,EML,2026-07-17,3,EML202607170003.eml,5892,227bad0704027e2dffb69d3789bcf9e2a4f649e8eb3dc532f5d8d64865a8f1c3,message/rfc822,2026-07-15T19:20:55.265Z,2026-07-17T07:58:59.552Z,investigador.demo,oscar.villalba,oscar.villalba,9,
EML202607170004,EML,2026-07-17,4,EML202607170004.eml,7617,5c5c8dfb3fa36a54959161b52aff077e5ecbfdc1bba454475d3fef962a4e0eb0,message/rfc822,2026-07-16T00:26:26.528Z,2026-07-17T10:38:41.823Z,irene.calvo,nuria.paredes,custodio.demo,19,
EML202607170005,EML,2026-07-17,5,EML202607170005.eml,3700,ce9fc53950c4d567732a4113d176e6da1cfcc9fd41a2709fdc0baa795f77ee12,message/rfc822,2026-07-15T17:35:44.971Z,2026-07-17T19:30:05.804Z,investigador.demo,oscar.villalba,oscar.villalba,7,
EML202607170006,EML,2026-07-17,6,EML202607170006.eml,5841,ac6e89b5312a28201e9ec9d7892ddf830fc3cbb4184f9e55b6bd5632e1f5ae48,message/rfc822,2026-07-17T11:48:00.483Z,2026-07-17T21:31:10.197Z,martin.ochoa,custodio.demo,carmen.robles,3,
EML202607180001,EML,2026-07-18,1,EML202607180001.eml,5602,951d6536a53341773937fd979846bcaa5d4f95e95436c5c638ad2b234c27dfea,message/rfc822,2026-07-15T23:12:49.969Z,2026-07-18T05:34:14.954Z,martin.ochoa,oscar.villalba,nuria.paredes,11,
EML202607180002,EML,2026-07-18,2,EML202607180002.eml,7429,158f81d68f461fe38e077d117fc17e9dc101f318454c1c2cb79e004aaf9f7bbb,message/rfc822,2026-07-17T07:30:29.522Z,2026-07-18T06:36:52.162Z,martin.ochoa,hector.lozano,hector.lozano,11,
EML202607180003,EML,2026-07-18,3,EML202607180003.eml,4358,43ff2a1a228c758b4fdceec97dfc1d3a41853111638ce303c24958dc2900d604,message/rfc822,2026-07-15T21:43:55.831Z,2026-07-18T09:43:26.950Z,irene.calvo,oscar.villalba,carmen.robles,11,
EML202607180004,EML,2026-07-18,4,EML202607180004.eml,4322,bf1b744c0dd157b1f07629ed22ca1dc43cfe73669ab127771003161a2a74d8cd,message/rfc822,2026-07-15T15:38:09.387Z,2026-07-18T14:24:53.368Z,investigador.demo,paula.benitez,hector.lozano,17,
EML202607180005,EML,2026-07-18,5,EML202607180005.eml,3126,202a101da26751273cc897db1757d667fc887bea22722fe611c644d23531bd23,message/rfc822,2026-07-16T02:26:13.451Z,2026-07-18T14:50:51.419Z,investigador.demo,nuria.paredes,hector.lozano,11,
EML202607190001,EML,2026-07-19,1,EML202607190001.eml,3616,e5f3fd95db82b2f87829df9d6eaabae0ea019e22746fa43e685593a02cdc3ad0,message/rfc822,2026-07-16T15:21:34.324Z,2026-07-19T01:49:15.456Z,investigador.demo,carmen.robles,paula.benitez,9,
EML202607190002,EML,2026-07-19,2,EML202607190002.eml,2216,aa360db71f0ef14d7e2f2dccb32be4167980355e5509d31bf0a9be5cc3e85bba,message/rfc822,2026-07-17T09:57:46.153Z,2026-07-19T03:08:07.402Z,martin.ochoa,carmen.robles,nuria.paredes,15,
EML202607190003,EML,2026-07-19,3,EML202607190003.eml,6452,ab006f6b6106e199a697a254bbc4ae6c85a8b574c5827db663ced9afec29001d,message/rfc822,2026-07-18T20:47:42.084Z,2026-07-19T10:16:57.238Z,martin.ochoa,custodio.demo,custodio.demo,5,
EML202607200001,EML,2026-07-20,1,EML202607200001.eml,8614,87dbf7244f03ed261f6beb4953361773644e9bb7c05de8d06dc60a6f754c2c8f,message/rfc822,2026-07-17T07:43:39.835Z,2026-07-20T02:04:45.386Z,investigador.demo,carmen.robles,carmen.robles,19,
EML202607200002,EML,2026-07-20,2,EML202607200002.eml,2713,23e6064f0183e69be41b5c8353805a665b16a80b860701ff2a94ba55d4092bba,message/rfc822,2026-07-19T03:35:52.282Z,2026-07-20T09:58:11.416Z,irene.calvo,paula.benitez,hector.lozano,13,
EML202607200003,EML,2026-07-20,3,EML202607200003.eml,8751,b4727929509a23af9b6c48dcf34a30b3382e0b4d02f57477cf33f0f5995840b4,message/rfc822,2026-07-19T11:39:33.398Z,2026-07-20T13:38:42.663Z,investigador.demo,carmen.robles,nuria.paredes,3,
EML202607210001,EML,2026-07-21,1,EML202607210001.eml,5445,16e903f5b170ffc08483b58e2fce6822e22ebda14dc837ab1bf79587e1533ff9,message/rfc822,2026-07-21T02:27:32.726Z,2026-07-21T07:14:42.798Z,irene.calvo,carmen.robles,oscar.villalba,17,
EML202607210002,EML,2026-07-21,2,EML202607210002.eml,6048,742641b7f7afebdffba7b8d75d3da919ff323181ac57606dc0c0b7b4290b3b70,message/rfc822,2026-07-19T19:10:09.170Z,2026-07-21T17:09:50.314Z,irene.calvo,carmen.robles,nuria.paredes,19,
EML202607210003,EML,2026-07-21,3,EML202607210003.eml,7645,66f0c71dec38556a2fbc080dc19d308cd1e66a850817633957459fb8903908c9,message/rfc822,2026-07-19T11:38:24.848Z,2026-07-21T20:59:44.500Z,martin.ochoa,paula.benitez,carmen.robles,5,
EML202607220001,EML,2026-07-22,1,EML202607220001.eml,6553,df8871c13ffa0cb91e02013be6693141c99ae09349e837dc6a1259694cd65ce1,message/rfc822,2026-07-19T22:56:32.535Z,2026-07-22T09:32:54.798Z,irene.calvo,custodio.demo,hector.lozano,15,
EML202607220002,EML,2026-07-22,2,EML202607220002.eml,5810,c44e816bf936e2cc9abcee01bf0200dc182bd7f17e1602c74db9be00239b35bf,message/rfc822,2026-07-19T23:54:56.146Z,2026-07-22T13:13:33.555Z,martin.ochoa,hector.lozano,carmen.robles,3,
EML202607220003,EML,2026-07-22,3,EML202607220003.eml,6968,ae90b845cb423a2813ee5d7ee8f6620386f6fc7864147160c2d4ec7695384a65,message/rfc822,2026-07-22T07:51:01.690Z,2026-07-22T17:56:27.929Z,martin.ochoa,carmen.robles,paula.benitez,7,
EML202607220004,EML,2026-07-22,4,EML202607220004.eml,4018,315fee506aa793f541ec1b0dffbeab9dee45a036690771177d5466ba4dccbba2,message/rfc822,2026-07-19T22:11:30.518Z,2026-07-22T19:28:57.345Z,investigador.demo,nuria.paredes,carmen.robles,19,
EML202607240001,EML,2026-07-24,1,EML202607240001.eml,6059,ce3cf7d7a237aacdbd08e70e82289df2313cb11fda0f0eeabcefb1971040ae6b,message/rfc822,2026-07-21T12:25:10.961Z,2026-07-24T08:01:01.136Z,martin.ochoa,paula.benitez,hector.lozano,7,
EML202607240002,EML,2026-07-24,2,EML202607240002.eml,8578,a8b650e4b0d75f3f340b66d85024e11150b61f7139a1ddb32944bd6274a6f8ce,message/rfc822,2026-07-22T23:19:34.163Z,2026-07-24T12:26:45.273Z,irene.calvo,nuria.paredes,custodio.demo,11,
EML202607250001,EML,2026-07-25,1,EML202607250001.eml,7695,7a6fd530ad0b1d2681d5103c63d38eb68e29ff6e8df949f4f410509affafbc1a,message/rfc822,2026-07-23T01:43:33.912Z,2026-07-25T00:24:21.587Z,irene.calvo,nuria.paredes,hector.lozano,17,
EML202607250002,EML,2026-07-25,2,EML202607250002.eml,2442,9a8675b2b8c8e62182861b7af81e461309e664d504eed767caa6cd46607f6678,message/rfc822,2026-07-23T21:56:03.340Z,2026-07-25T00:46:13.338Z,investigador.demo,custodio.demo,custodio.demo,1,
EML202607250003,EML,2026-07-25,3,EML202607250003.eml,6204,8e9353f3b16d5a7da43b724356316e2dded5cbb5c4126ff64aee44f04296efa9,message/rfc822,2026-07-24T15:43:05.450Z,2026-07-25T03:38:47.165Z,irene.calvo,nuria.paredes,paula.benitez,5,
EML202607250004,EML,2026-07-25,4,EML202607250004.eml,4846,87e782ce7c3d526d75247624b6d806c5b5cc505d2d1763e0bbe451557710b2de,message/rfc822,2026-07-22T12:19:49.557Z,2026-07-25T06:49:14.705Z,irene.calvo,custodio.demo,paula.benitez,15,
EML202607260001,EML,2026-07-26,1,EML202607260001.eml,3612,aa87e3c5f5643fa8918c3090fc3a9c40a503d023adeb41c4fd9af0ac47a1e848,message/rfc822,2026-07-25T11:59:29.054Z,2026-07-26T02:26:52.970Z,martin.ochoa,carmen.robles,paula.benitez,17,
EML202607260002,EML,2026-07-26,2,EML202607260002.eml,6595,19a5cb150bac4fea18fd3a33e77a6127dbcd3798cac8f2567535fd0742c6b0ff,message/rfc822,2026-07-25T06:20:58.581Z,2026-07-26T06:35:46.754Z,irene.calvo,custodio.demo,carmen.robles,5,
EML202607270001,EML,2026-07-27,1,EML202607270001.eml,3000,17b4039b96271bcc80b8781fb0445772fcb07ee6bcf516046fec40984654418f,message/rfc822,2026-07-25T15:40:25.076Z,2026-07-27T03:55:41.914Z,martin.ochoa,oscar.villalba,paula.benitez,17,
EML202607270002,EML,2026-07-27,2,EML202607270002.eml,9490,720192c606c6b359486ba988bae2f4a95eb95c800e486bca5626d248e0e058c3,message/rfc822,2026-07-25T11:57:36.234Z,2026-07-27T10:13:04.295Z,irene.calvo,oscar.villalba,hector.lozano,19,
EML202607270003,EML,2026-07-27,3,EML202607270003.eml,9591,060e01c47938274bdf3cbc28030f12162fb1ca9c15337ad79b830387bb98c463,message/rfc822,2026-07-27T05:16:00.934Z,2026-07-27T20:50:19.506Z,martin.ochoa,hector.lozano,custodio.demo,15,
EML202607280001,EML,2026-07-28,1,EML202607280001.eml,8793,3eed1783235c9a9d9ee842f73410a63a03dff4adec69bac4717d69d202f0439c,message/rfc822,2026-07-27T23:43:28.672Z,2026-07-28T08:48:40.171Z,irene.calvo,hector.lozano,paula.benitez,15,
EML202607280002,EML,2026-07-28,2,EML202607280002.eml,5940,a6cb85b3def864b485f3ad75f8785d1f6873659c5fe27f119dcf2183c473788c,message/rfc822,2026-07-27T01:55:08.974Z,2026-07-28T17:37:56.597Z,martin.ochoa,custodio.demo,hector.lozano,7,
EML202607280003,EML,2026-07-28,3,EML202607280003.eml,4694,03bb3ab5ced146930415d43ad2574736e3bedaa817ed87962271ed68a2dbb86d,message/rfc822,2026-07-28T15:56:35.491Z,2026-07-28T17:42:44.533Z,investigador.demo,custodio.demo,oscar.villalba,3,
EML202607290001,EML,2026-07-29,1,EML202607290001.eml,2845,3119bfbab8ec30ace4b253f66806b691ff96d8322d7ee77710a8b565a1335b4a,message/rfc822,2026-07-29T06:37:52.029Z,2026-07-29T08:42:17.299Z,irene.calvo,nuria.paredes,custodio.demo,13,
EML202607290002,EML,2026-07-29,2,EML202607290002.eml,2743,c20293800bb836eb91fd5633908588aebd80c463e0e5a504ddc968f095983997,message/rfc822,2026-07-27T06:47:17.886Z,2026-07-29T10:42:18.806Z,martin.ochoa,paula.benitez,nuria.paredes,9,
EML202607290003,EML,2026-07-29,3,EML202607290003.eml,6693,b22887463fa8e51d6a51095c4867467d769cd8adb74a96b96295aa5bbb47a0c3,message/rfc822,2026-07-29T04:31:21.513Z,2026-07-29T15:01:18.996Z,investigador.demo,carmen.robles,paula.benitez,17,
EML202607290004,EML,2026-07-29,4,EML202607290004.eml,4472,3686f42990cc7e5e6219fec24a06fcf85f8113a6940f24e19d1a68ad44d59ffc,message/rfc822,2026-07-28T05:03:28.613Z,2026-07-29T18:58:58.472Z,irene.calvo,paula.benitez,carmen.robles,9,
EML202607290005,EML,2026-07-29,5,EML202607290005.eml,8101,992d807fc2849deb7d639f38ad92105281dac5ff8ea56eb26473ab8570e84599,message/rfc822,2026-07-28T10:36:54.239Z,2026-07-29T19:07:40.985Z,investigador.demo,carmen.robles,carmen.robles,1,
EML202607300001,EML,2026-07-30,1,EML202607300001.eml,6763,9dc4cf728193fd9c73bd42251376e82e6546eab5a115e33f1030be20ba2801e9,message/rfc822,2026-07-28T10:44:30.629Z,2026-07-30T05:02:46.051Z,irene.calvo,paula.benitez,paula.benitez,1,
EML202607300002,EML,2026-07-30,2,EML202607300002.eml,7663,45fed5c9c130826e2c29eed1a61b9c04c1c4845c91ded1f3a8c9db4c662c5bee,message/rfc822,2026-07-27T23:46:35.695Z,2026-07-30T08:07:19.605Z,martin.ochoa,paula.benitez,oscar.villalba,9,
EML202607300003,EML,2026-07-30,3,EML202607300003.eml,9808,b4eaeece6615fd916116622fa771075ef81ea11dbff5aaa333d20aebc862b9ca,message/rfc822,2026-07-29T12:26:37.585Z,2026-07-30T14:14:14.657Z,irene.calvo,carmen.robles,oscar.villalba,15,
EML202607310001,EML,2026-07-31,1,EML202607310001.eml,9509,78c9fb3f2ddd4be14f754da103a2aca0fc3ef1e5d66f98f9e69a0e7b28e6da27,message/rfc822,2026-07-30T20:27:49.184Z,2026-07-31T03:47:13.853Z,investigador.demo,paula.benitez,oscar.villalba,3,
EML202607310002,EML,2026-07-31,2,EML202607310002.eml,5398,81e145444541492159924e279750c67e433bbbcf3b197912289690e0e4f5abe8,message/rfc822,2026-07-29T11:46:00.783Z,2026-07-31T08:47:52.623Z,martin.ochoa,nuria.paredes,carmen.robles,7,
EML202607310003,EML,2026-07-31,3,EML202607310003.eml,9129,e7e60883e4ea747a7291039bd8b0371febc20053902a96f383e23421ca5b718a,message/rfc822,2026-07-30T06:35:49.768Z,2026-07-31T11:05:42.413Z,martin.ochoa,oscar.villalba,paula.benitez,9,
EML202607310004,EML,2026-07-31,4,EML202607310004.eml,2268,edb4eb9e7c024dc1f12a93618a049d24845fd1804c54a9fd728f598bf93831fa,message/rfc822,2026-07-28T18:21:01.676Z,2026-07-31T14:28:30.422Z,irene.calvo,hector.lozano,carmen.robles,15,
EML202607310005,EML,2026-07-31,5,EML202607310005.eml,6457,0095566d0e7216394ed665d2211615c7f669e9be462194386876b17504296377,message/rfc822,2026-07-31T05:08:22.199Z,2026-07-31T21:19:36.539Z,martin.ochoa,hector.lozano,oscar.villalba,13,
EML202608010001,EML,2026-08-01,1,EML202608010001.eml,7489,ab945aca68be9efbb5b3a8cacf69fc1eb201375ff235f84356a22cdd064b98bc,message/rfc822,2026-07-31T20:49:05.624Z,2026-08-01T03:11:51.090Z,irene.calvo,hector.lozano,nuria.paredes,7,
EML202608010002,EML,2026-08-01,2,EML202608010002.eml,3479,5aa80a1e32c8b6e6d85ca8ca41285a3ba1c93c00a7002f4ef1d0bd821253ff0d,message/rfc822,2026-07-31T10:34:41.687Z,2026-08-01T08:27:41.993Z,irene.calvo,hector.lozano,carmen.robles,15,
EML202608010003,EML,2026-08-01,3,EML202608010003.eml,4055,08c9f6862dcc70e84a7ec8cc75c6174687da8797a11942d63cbe55c177532819,message/rfc822,2026-07-31T10:35:00.398Z,2026-08-01T12:08:59.422Z,irene.calvo,paula.benitez,nuria.paredes,15,
EML202608010004,EML,2026-08-01,4,EML202608010004.eml,5415,7dfca995ce2f42c3ed4449a195dfe0916750b02104db484ac62367a8ac737c16,message/rfc822,2026-07-31T07:11:41.843Z,2026-08-01T15:54:29.005Z,investigador.demo,custodio.demo,hector.lozano,9,
EML202608010005,EML,2026-08-01,5,EML202608010005.eml,2679,bc87dba4837a7cbe0033ef84a996a25be04b1498b480f96303bed844f9459574,message/rfc822,2026-08-01T01:11:03.886Z,2026-08-01T17:27:48.622Z,investigador.demo,custodio.demo,hector.lozano,19,
EML202608020001,EML,2026-08-02,1,EML202608020001.eml,4034,33d191fb1191385348ea16b243150f66cc464e015c1590b1d4e9917f983a042c,message/rfc822,2026-07-31T06:07:25.958Z,2026-08-02T10:57:34.514Z,martin.ochoa,paula.benitez,paula.benitez,19,
EML202608020002,EML,2026-08-02,2,EML202608020002.eml,9778,c22a48941a505eb68d9408fc2413c839a6a2edc7edbad6e10df4539a59246532,message/rfc822,2026-07-31T12:00:26.170Z,2026-08-02T11:20:56.176Z,investigador.demo,carmen.robles,custodio.demo,13,
EML202608030001,EML,2026-08-03,1,EML202608030001.eml,7941,c4f8bef4ff6b93c2d1f98f6eae63a17d764bf49226a1635bca895a789dbd282c,message/rfc822,2026-08-02T07:59:43.298Z,2026-08-03T06:28:30.733Z,martin.ochoa,nuria.paredes,carmen.robles,9,
EML202608030002,EML,2026-08-03,2,EML202608030002.eml,3343,5f2af881e57f08118de58338297876efae9dc71778385445795bb5dfedb7bcb8,message/rfc822,2026-08-01T09:17:14.775Z,2026-08-03T13:35:17.919Z,martin.ochoa,custodio.demo,paula.benitez,13,
EML202608030003,EML,2026-08-03,3,EML202608030003.eml,8960,b95388bdf9b8536b574cc766779c5ddeda4e42a6b1c92a6983c201da72df6962,message/rfc822,2026-07-31T23:39:28.581Z,2026-08-03T16:20:45.351Z,investigador.demo,carmen.robles,carmen.robles,1,
EML202608030004,EML,2026-08-03,4,EML202608030004.eml,5492,8bbef8ad5a04063291693664a0e569146f980b143894acd8c04658519e26c275,message/rfc822,2026-08-01T12:51:26.452Z,2026-08-03T22:30:03.420Z,irene.calvo,paula.benitez,carmen.robles,17,
EML202608040001,EML,2026-08-04,1,EML202608040001.eml,3898,0efb9813c285995098a960afacb3bc1dff97f8d56d3a05536d854c7e1922d02b,message/rfc822,2026-08-01T15:10:35.693Z,2026-08-04T02:48:19.235Z,investigador.demo,carmen.robles,oscar.villalba,5,
EML202608040002,EML,2026-08-04,2,EML202608040002.eml,9144,3904098a729850bd01a251189e515cf96f2be7a40f6c06b1bb322be217a40245,message/rfc822,2026-08-01T14:16:30.022Z,2026-08-04T05:49:17.505Z,martin.ochoa,hector.lozano,carmen.robles,7,
EML202608040003,EML,2026-08-04,3,EML202608040003.eml,2439,3e1ade42b858abea741e766becb739f2ced11a64ff550610ac9b4c2648d4063d,message/rfc822,2026-08-02T21:31:27.110Z,2026-08-04T12:16:27.206Z,martin.ochoa,custodio.demo,paula.benitez,13,
EML202608040004,EML,2026-08-04,4,EML202608040004.eml,4875,4729ceeab6c4bd7b145a3710091e60da8045aa21c1ae7e73259cb77c01edd623,message/rfc822,2026-08-03T05:18:47.230Z,2026-08-04T22:20:29.114Z,martin.ochoa,nuria.paredes,carmen.robles,5,
EML202608050001,EML,2026-08-05,1,EML202608050001.eml,7387,9c7ebd6ad0be512e9c40e61ba17fff141741cdc8e23918f33a94194421b1b57b,message/rfc822,2026-08-03T15:01:06.610Z,2026-08-05T02:22:38.540Z,martin.ochoa,carmen.robles,carmen.robles,5,
EML202608050002,EML,2026-08-05,2,EML202608050002.eml,7159,6babd5c7f0d9424adea52af7526a6de565f55cd79b65e47f57c6c4f6cbb21cb7,message/rfc822,2026-08-04T01:58:28.863Z,2026-08-05T12:11:02.387Z,investigador.demo,nuria.paredes,hector.lozano,5,
EML202608050003,EML,2026-08-05,3,EML202608050003.eml,9833,b92e5585cd3a4d9d8cf1437aa6f46a8056cbaa630b55197c984147e3dbe3a0ee,message/rfc822,2026-08-04T15:49:17.309Z,2026-08-05T17:57:01.937Z,investigador.demo,hector.lozano,custodio.demo,13,
EML202608050004,EML,2026-08-05,4,EML202608050004.eml,9095,143b3f473f8a5195e952e4509f555da93987bd87fc06cf4e1fe2abbde459fc3e,message/rfc822,2026-08-02T23:41:40.016Z,2026-08-05T19:53:02.503Z,irene.calvo,custodio.demo,hector.lozano,17,
EML202608060001,EML,2026-08-06,1,EML202608060001.eml,3124,4469b574b1e61380c400567e8710c6e3d572dccabf345f600e7c2b84281a65f2,message/rfc822,2026-08-05T03:14:43.641Z,2026-08-06T10:30:33.655Z,martin.ochoa,paula.benitez,carmen.robles,9,
EML202608060002,EML,2026-08-06,2,EML202608060002.eml,7996,9a02afe2e4fe23fb2c329e6b77284849e6b57c187612e532c607f5d6dfbd840c,message/rfc822,2026-08-05T08:39:51.336Z,2026-08-06T11:44:50.821Z,martin.ochoa,carmen.robles,hector.lozano,9,
EML202608060003,EML,2026-08-06,3,EML202608060003.eml,2990,3e1cec2282203e5fae496a7a1ef35fc8b7d7cd042036fdc62abdb7c9d408d4d2,message/rfc822,2026-08-04T13:07:07.407Z,2026-08-06T16:58:53.673Z,martin.ochoa,custodio.demo,nuria.paredes,17,
EML202608060004,EML,2026-08-06,4,EML202608060004.eml,9820,0324ee8bc934c2491b3255c55b963e3f14e7cfd579f9ddc82bade669505561ca,message/rfc822,2026-08-04T22:47:15.111Z,2026-08-06T17:05:44.489Z,irene.calvo,carmen.robles,paula.benitez,13,
EML202608060005,EML,2026-08-06,5,EML202608060005.eml,3296,73397539fb4e597e06919da32008ac90494902658ea1fd5cdd9b35060f1ccd7a,message/rfc822,2026-08-03T21:08:06.278Z,2026-08-06T20:33:00.164Z,investigador.demo,hector.lozano,paula.benitez,5,
EML202608070001,EML,2026-08-07,1,EML202608070001.eml,4396,854b50a997bef60b45518a571fc04a4c869e31e8114472db58f7b9882af5847f,message/rfc822,2026-08-04T20:43:30.772Z,2026-08-07T01:05:18.643Z,irene.calvo,carmen.robles,paula.benitez,5,
EML202608070002,EML,2026-08-07,2,EML202608070002.eml,2616,4c13aedeaf129d65e20307855618f7d8bba7b927992298de13722494343881d1,message/rfc822,2026-08-05T13:44:04.190Z,2026-08-07T19:51:56.872Z,investigador.demo,hector.lozano,oscar.villalba,3,
EML202608070003,EML,2026-08-07,3,EML202608070003.eml,3385,88be78c6e9564ad3e0ef9c84809cba15c5dd733fad9f14574ee9b9cd92787b00,message/rfc822,2026-08-05T23:09:48.872Z,2026-08-07T20:29:00.636Z,irene.calvo,paula.benitez,hector.lozano,13,
EML202608080001,EML,2026-08-08,1,EML202608080001.eml,9023,87cc30fb56b8b8479bb86a0dfbf19cd7ddcb25dad2f8e0ca9d567aa246292641,message/rfc822,2026-08-05T18:48:43.195Z,2026-08-08T00:47:18.830Z,irene.calvo,oscar.villalba,oscar.villalba,17,
EML202608080002,EML,2026-08-08,2,EML202608080002.eml,4217,fb56a2f5e7fe0baceef7cb307bb30c0cb15cf67a2fdf4ce9040b66be73a0da87,message/rfc822,2026-08-07T22:59:04.111Z,2026-08-08T00:57:26.848Z,martin.ochoa,carmen.robles,custodio.demo,5,
EML202608080003,EML,2026-08-08,3,EML202608080003.eml,6066,581deebce695715530a62a56d107fc5314e4825b723a9702a137009dd691b9f7,message/rfc822,2026-08-07T13:40:38.342Z,2026-08-08T09:16:05.389Z,martin.ochoa,carmen.robles,carmen.robles,1,
EML202608080004,EML,2026-08-08,4,EML202608080004.eml,7287,9b24ae2ca1e77c919f3e363e7b4609f0a680f7a6947702700fee696336a15a86,message/rfc822,2026-08-05T16:55:18.560Z,2026-08-08T09:48:26.677Z,investigador.demo,carmen.robles,paula.benitez,3,
EML202608080005,EML,2026-08-08,5,EML202608080005.eml,7822,062dbd1df376a8e7925e59a1a43a82b23f24b3cd6bf258828d043890b9839e66,message/rfc822,2026-08-08T13:26:57.207Z,2026-08-08T16:16:16.184Z,irene.calvo,custodio.demo,oscar.villalba,7,
EML202608080006,EML,2026-08-08,6,EML202608080006.eml,9124,5428dc2d45a6741d92d5d9f9adc8462d3ad1defc89c622599b7c1e2c50d83d19,message/rfc822,2026-08-06T03:41:38.767Z,2026-08-08T17:54:10.859Z,investigador.demo,carmen.robles,nuria.paredes,7,
EML202608090001,EML,2026-08-09,1,EML202608090001.eml,6604,5fa66307764656140bb2dce10f28c96b2754f02116cc30903b46b0e668185608,message/rfc822,2026-08-06T11:06:25.767Z,2026-08-09T09:48:17.335Z,investigador.demo,carmen.robles,paula.benitez,9,
EML202608100001,EML,2026-08-10,1,EML202608100001.eml,4659,e7f73c30f806cc6e415e5727e669f4f60a021cce2be3a479e4e6f1bc9be70db7,message/rfc822,2026-08-07T14:07:50.097Z,2026-08-10T11:22:45.001Z,irene.calvo,carmen.robles,carmen.robles,1,
EML202608100002,EML,2026-08-10,2,EML202608100002.eml,7007,cfbe788ee8e704dd1190d1b0f2f655a6834aaefa3a04db5de2409442733f3f72,message/rfc822,2026-08-10T09:19:18.936Z,2026-08-10T11:56:45.472Z,irene.calvo,custodio.demo,carmen.robles,19,
EML202608100003,EML,2026-08-10,3,EML202608100003.eml,2273,bd49e53116d39322e21ead038ca6b0db3af25aa3851b62f2b5b596c89ad3ebc9,message/rfc822,2026-08-09T10:08:30.827Z,2026-08-10T19:29:46.613Z,irene.calvo,nuria.paredes,oscar.villalba,17,
EML202608100004,EML,2026-08-10,4,EML202608100004.eml,9291,c5bab6de9b0f565e8a890cc5cb89630b4ad9e7073050403bde1f647999d738cf,message/rfc822,2026-08-09T05:16:50.968Z,2026-08-10T22:20:06.975Z,martin.ochoa,carmen.robles,carmen.robles,17,
EML202608110001,EML,2026-08-11,1,EML202608110001.eml,4056,d5e3e58ed14ed5501fa37779469ceb92e5f9ae258531d850036ff8b4a5794781,message/rfc822,2026-08-09T01:55:31.646Z,2026-08-11T07:04:27.582Z,irene.calvo,oscar.villalba,custodio.demo,15,
EML202608110002,EML,2026-08-11,2,EML202608110002.eml,3488,92bd4fb4358e7b58beb2ec84ae497c4ca7a148a9e905f4d44762d577a1b452c5,message/rfc822,2026-08-09T10:04:10.922Z,2026-08-11T13:28:03.938Z,irene.calvo,nuria.paredes,carmen.robles,19,
EML202608110003,EML,2026-08-11,3,EML202608110003.eml,6292,1bf71a96c7f29126f875b2aa4321a3af938d8917ea7d6bd31060313d92ac0a40,message/rfc822,2026-08-10T08:46:17.841Z,2026-08-11T20:06:30.676Z,investigador.demo,custodio.demo,nuria.paredes,5,
EML202608110004,EML,2026-08-11,4,EML202608110004.eml,6288,e5fcf608aa17420634daea17fcc92e8adc6004b488d54d450148304b9fd87773,message/rfc822,2026-08-10T14:58:36.349Z,2026-08-11T20:54:52.668Z,irene.calvo,hector.lozano,custodio.demo,13,
EML202608120001,EML,2026-08-12,1,EML202608120001.eml,2228,7bace003bac49356f69e0969c1fab269c52563613febd566d11535bc6800e92b,message/rfc822,2026-08-11T18:13:15.350Z,2026-08-12T00:21:35.385Z,martin.ochoa,custodio.demo,oscar.villalba,5,accepted-late
EML202608120002,EML,2026-08-12,2,EML202608120002.eml,6280,fad301aa67e2e2c8bb61c953752ce9ecf1f0b354e47107de6fb9f29074a9352b,message/rfc822,2026-08-11T17:47:18.058Z,2026-08-12T01:23:07.963Z,irene.calvo,hector.lozano,hector.lozano,17,
EML202608120003,EML,2026-08-12,3,EML202608120003.eml,8954,b9babbf9c0271f01807c3033c9b0faa99b0a49d11fe0607c8935eb9c9352dbcc,message/rfc822,2026-08-10T05:04:19.538Z,2026-08-12T04:44:21.288Z,martin.ochoa,oscar.villalba,paula.benitez,7,
EML202608120004,EML,2026-08-12,4,EML202608120004.eml,9894,87bb02762c68f53547366e80f7f5d9f98b08bc01c971d00497a2dbd4fc7c7f35,message/rfc822,2026-08-09T11:13:40.493Z,2026-08-12T09:10:25.882Z,irene.calvo,carmen.robles,nuria.paredes,5,
EML202608120005,EML,2026-08-12,5,EML202608120005.eml,8863,bd5877ef675a48089d3cc69eb3ab78a95940a740b9e812623d8b9d84af90772d,message/rfc822,2026-08-11T22:13:16.629Z,2026-08-12T09:45:49.209Z,irene.calvo,nuria.paredes,nuria.paredes,9,
EML202608130001,EML,2026-08-13,1,EML202608130001.eml,9337,84f2b6fb5d3c7b903c177567d835f3c0e83fbb4aa6020ab66633fbbdb172ea6d,message/rfc822,2026-08-11T14:38:57.849Z,2026-08-13T07:42:44.174Z,investigador.demo,oscar.villalba,nuria.paredes,19,
EML202608140001,EML,2026-08-14,1,EML202608140001.eml,9947,e2ae7968d0bc213db6de0fa62afc2e1ea37bb774117ef33b1c28eed04b2a2153,message/rfc822,2026-08-11T22:35:51.352Z,2026-08-14T04:40:49.330Z,investigador.demo,nuria.paredes,nuria.paredes,1,
EML202608140002,EML,2026-08-14,2,EML202608140002.eml,8175,32f51908738aaf25792272fcb075d11c0ed6377e8f9bc6cc6efffb2863fe461c,message/rfc822,2026-08-12T20:50:16.074Z,2026-08-14T10:20:42.649Z,investigador.demo,nuria.paredes,nuria.paredes,1,
EML202608140003,EML,2026-08-14,3,EML202608140003.eml,6296,11a4102a5d8a5f6a33dd1c536301de02228dcaf5e05d55ac42b5b9a13eb0095d,message/rfc822,2026-08-12T14:22:31.678Z,2026-08-14T13:10:26.895Z,investigador.demo,oscar.villalba,nuria.paredes,15,
EML202608140004,EML,2026-08-14,4,EML202608140004.eml,4335,1411727ee74880d7b32e9c6a56512a08b8385cece6ad4aadd315226b91e9e7d0,message/rfc822,2026-08-13T11:27:26.591Z,2026-08-14T15:41:45.976Z,irene.calvo,carmen.robles,oscar.villalba,19,
EML202608150001,EML,2026-08-15,1,EML202608150001.eml,8724,ce2a5b82e79bc0a58c2ddd0f1673cfd30df6a62606e632bb1ee8d083e2541a34,message/rfc822,2026-08-14T10:45:02.257Z,2026-08-15T02:32:43.816Z,martin.ochoa,paula.benitez,custodio.demo,13,
EML202608150002,EML,2026-08-15,2,EML202608150002.eml,4276,dbe0b5cbbfa5b900f778013d57babada0061e7d9c4e98d2f10adc5d61c818374,message/rfc822,2026-08-13T23:47:14.248Z,2026-08-15T11:16:35.383Z,martin.ochoa,nuria.paredes,paula.benitez,17,
EML202608150003,EML,2026-08-15,3,EML202608150003.eml,10018,f45aba9df7c73d68fde4718ff69ea7dac56ca4f5c6c3c3aa43fe7537b557fb0d,message/rfc822,2026-08-13T03:31:20.847Z,2026-08-15T18:44:01.845Z,martin.ochoa,custodio.demo,custodio.demo,9,large-email
EML202608150004,EML,2026-08-15,4,EML202608150004.eml,2331,b495483c3fba5806076638f08948c2e4e05a2c8b1c8cd0a46c7aae90427c404c,message/rfc822,2026-08-13T21:30:31.356Z,2026-08-15T21:30:20.919Z,irene.calvo,paula.benitez,custodio.demo,13,
EML202608150005,EML,2026-08-15,5,EML202608150005.eml,4871,0102f874e052499eb39d6faaca03fccf17092373217cc65cf76d772dc016cb54,message/rfc822,2026-08-13T06:27:58.467Z,2026-08-15T21:59:27.847Z,irene.calvo,oscar.villalba,custodio.demo,7,
EML202608160001,EML,2026-08-16,1,EML202608160001.eml,3884,910e3425f8005a250b42a5b9f63a55ff82ffd6484d483d5cb1bee5b1e796b22b,message/rfc822,2026-08-13T12:39:42.425Z,2026-08-16T04:48:45.152Z,investigador.demo,nuria.paredes,hector.lozano,19,
EML202608160002,EML,2026-08-16,2,EML202608160002.eml,3179,79d0105b029218f5fd55fdd78747b86244d9dfa878f380c9c212ed759ec161bf,message/rfc822,2026-08-14T09:33:38.943Z,2026-08-16T04:49:20.269Z,investigador.demo,oscar.villalba,oscar.villalba,19,
EML202608160003,EML,2026-08-16,3,EML202608160003.eml,8211,fbaffefc93bc5dc89522c5cc50d9f3534ed6b5dff5d0b6a6d8540dbccd7eba4a,message/rfc822,2026-08-13T09:07:28.449Z,2026-08-16T06:26:07.912Z,irene.calvo,nuria.paredes,oscar.villalba,5,
EML202608160004,EML,2026-08-16,4,EML202608160004.eml,9591,2d474a5274cda002e2e2186f596eb83e106b0b2a5f368cc6a6fc24a1e46e0cb5,message/rfc822,2026-08-16T11:57:08.600Z,2026-08-16T19:12:41.001Z,investigador.demo,custodio.demo,oscar.villalba,3,
EML202608170001,EML,2026-08-17,1,EML202608170001.eml,5385,0703e63b067f4a173bd73567092890a16e02f06274354d79b4ebdb4b3bad27de,message/rfc822,2026-08-15T10:31:16.022Z,2026-08-17T06:05:51.134Z,investigador.demo,custodio.demo,hector.lozano,15,
EML202608170002,EML,2026-08-17,2,EML202608170002.eml,7681,f1b8b27ebcb4a934af760f2466360d26420997a104004ccef84e2ce9aa92dc24,message/rfc822,2026-08-17T04:30:11.357Z,2026-08-17T09:57:00.376Z,irene.calvo,oscar.villalba,paula.benitez,13,
EML202608180001,EML,2026-08-18,1,EML202608180001.eml,8931,d057b11b2be9c2952f21ffb667b4676e9d26261effc130c8a850c4177a2b92e2,message/rfc822,2026-08-16T22:21:14.298Z,2026-08-18T00:04:02.523Z,investigador.demo,hector.lozano,nuria.paredes,3,
EML202608180002,EML,2026-08-18,2,EML202608180002.eml,9375,b424500b66964c0270a211098dc5ab8b70e8725c3c7a3ddbfde1d82fbe5c46fa,message/rfc822,2026-08-16T00:47:45.837Z,2026-08-18T14:14:59.131Z,investigador.demo,carmen.robles,oscar.villalba,15,
EML202608180003,EML,2026-08-18,3,EML202608180003.eml,8880,83f041e1687e08e9bd3c5ef21cafdb67e1dc28bd41340dad56d6494f83a5c5d9,message/rfc822,2026-08-18T01:59:58.984Z,2026-08-18T17:24:54.765Z,investigador.demo,hector.lozano,paula.benitez,7,
EML202608180004,EML,2026-08-18,4,EML202608180004.eml,7810,d969383f3b0160edff350621669e13e63278bf7acff3823659ca06187ed53a96,message/rfc822,2026-08-16T09:01:11.588Z,2026-08-18T19:04:43.276Z,irene.calvo,custodio.demo,paula.benitez,9,
EML202608190001,EML,2026-08-19,1,EML202608190001.eml,5610,43597437e14707dc1154429ded97d05507a2428a6dff39f90f0394567217cd24,message/rfc822,2026-08-16T11:57:26.493Z,2026-08-19T03:09:35.300Z,irene.calvo,paula.benitez,paula.benitez,19,
EML202608190002,EML,2026-08-19,2,EML202608190002.eml,4218,444ac27bc7c63e9193a69e7d756408a2a70a97ba4717646f334bde6aa9a98b4c,message/rfc822,2026-08-16T09:01:42.102Z,2026-08-19T08:43:25.355Z,investigador.demo,carmen.robles,custodio.demo,19,
EML202608190003,EML,2026-08-19,3,EML202608190003.eml,2594,bb7596ec564a869918bbbe9a5f8a48b563c7fe06dad334cc545dc864fd5f9e33,message/rfc822,2026-08-18T19:47:39.345Z,2026-08-19T12:37:01.203Z,martin.ochoa,carmen.robles,nuria.paredes,11,
EML202608190004,EML,2026-08-19,4,EML202608190004.eml,6199,1b86693b2982912eb50ef1c3da36fdf4a457db1feb1a2ac3091162227ed1cc00,message/rfc822,2026-08-19T09:46:23.628Z,2026-08-19T14:42:54.161Z,irene.calvo,nuria.paredes,oscar.villalba,15,
EML202608190005,EML,2026-08-19,5,EML202608190005.eml,4900,5e86a51b5a643e6ff3b5a16d8fb7f5b8346393ea3b82acf105fb3e882a0575d6,message/rfc822,2026-08-18T10:05:37.267Z,2026-08-19T16:47:06.918Z,irene.calvo,carmen.robles,custodio.demo,3,
EML202608190006,EML,2026-08-19,6,EML202608190006.eml,7720,807bf4b7df32bea907c41e33d0ae090b37da0a9df38cac4a7c80db73fbf0080a,message/rfc822,2026-08-18T18:25:00.656Z,2026-08-19T20:33:15.175Z,irene.calvo,oscar.villalba,carmen.robles,3,
EML202608190007,EML,2026-08-19,7,EML202608190007.eml,7388,5573d8a9c5779e2efd9bcba0df972464397850edb9e309fb15654825b3c693e7,message/rfc822,2026-08-19T18:25:54.037Z,2026-08-19T21:18:58.234Z,irene.calvo,oscar.villalba,paula.benitez,17,
EML202608200001,EML,2026-08-20,1,EML202608200001.eml,7179,71db2bf65426ec6f2d621b7f9cbd1bf8af85d34a0feb44780f849bb998b27e34,message/rfc822,2026-08-17T13:04:27.361Z,2026-08-20T11:58:07.497Z,martin.ochoa,oscar.villalba,nuria.paredes,15,
EML202608200002,EML,2026-08-20,2,EML202608200002.eml,2306,30338a67c2c3dcb88d2fa5d67682440b645daba4fd52651ca4826c0467b4fd42,message/rfc822,2026-08-18T12:47:40.700Z,2026-08-20T21:02:00.131Z,investigador.demo,hector.lozano,carmen.robles,5,
EML202608220001,EML,2026-08-22,1,EML202608220001.eml,3745,454a0d6f2ffdeacba0ed7c945e09d35961e1134e12339d9e3bb05d7371329e43,message/rfc822,2026-08-21T15:56:41.474Z,2026-08-22T02:46:21.996Z,martin.ochoa,oscar.villalba,custodio.demo,3,
EML202608220002,EML,2026-08-22,2,EML202608220002.eml,5217,68ec647fc99bcb75ee1a31000bd59567b25e7ef4f084119542c3ca3d01806006,message/rfc822,2026-08-20T12:07:58.323Z,2026-08-22T21:29:16.377Z,martin.ochoa,paula.benitez,carmen.robles,3,
EML202608220003,EML,2026-08-22,3,EML202608220003.eml,8394,65905864a6b5310ee0bca481bffb64c345151861908ddc51daa051cdfbe628eb,message/rfc822,2026-08-20T17:42:52.531Z,2026-08-22T23:21:27.279Z,martin.ochoa,carmen.robles,carmen.robles,1,
EML202608230001,EML,2026-08-23,1,EML202608230001.eml,5306,ec5cee382744749ba252ca6dc36580f2c807dcedf5db1db8e7807c35dc091595,message/rfc822,2026-08-20T22:14:07.819Z,2026-08-23T06:51:39.375Z,martin.ochoa,hector.lozano,carmen.robles,5,
EML202608230002,EML,2026-08-23,2,EML202608230002.eml,3683,2bcfb8ae4f05783321dcd577e1faee02f87927110aafc4c5976c7ab319c2a82a,message/rfc822,2026-08-22T16:41:52.135Z,2026-08-23T07:58:03.192Z,irene.calvo,carmen.robles,custodio.demo,3,
EML202608230003,EML,2026-08-23,3,EML202608230003.eml,6120,dc7e95e2fe97d4156f114036be050b0a3ec390f8a787e6612416da9002f033e4,message/rfc822,2026-08-22T17:49:09.617Z,2026-08-23T12:58:50.477Z,irene.calvo,nuria.paredes,nuria.paredes,1,
EML202608230004,EML,2026-08-23,4,EML202608230004.eml,8533,292150744226a61d25e278147a6e20f8126c5701ad81898ef9bb565cfdfb607c,message/rfc822,2026-08-21T02:09:28.972Z,2026-08-23T18:14:14.843Z,martin.ochoa,paula.benitez,hector.lozano,3,
EML202608230005,EML,2026-08-23,5,EML202608230005.eml,9485,e207327952d369b4e58183027bf552b8e33a7f6c9df80abd9ab00550cb1a6d26,message/rfc822,2026-08-20T19:10:23.905Z,2026-08-23T18:48:27.606Z,martin.ochoa,oscar.villalba,oscar.villalba,1,
EML202608240001,EML,2026-08-24,1,EML202608240001.eml,5509,a0f3021a223892f7c0f74f2700251d81f404bf870571f9ab62536c38e79a8013,message/rfc822,2026-08-23T10:16:45.664Z,2026-08-24T05:20:23.558Z,martin.ochoa,oscar.villalba,paula.benitez,13,
EML202608240002,EML,2026-08-24,2,EML202608240002.eml,3684,249c8fa886efd2182b2e346762b118b834f53352115a60e4ee99703866f253c1,message/rfc822,2026-08-22T09:47:59.236Z,2026-08-24T08:36:21.781Z,martin.ochoa,oscar.villalba,hector.lozano,13,
EML202608250001,EML,2026-08-25,1,EML202608250001.eml,4654,daebb070ce40b84bea8b2d072f13d08b6fdcd518c144a82bd37ca009d85a53c0,message/rfc822,2026-08-23T03:11:07.912Z,2026-08-25T03:17:40.899Z,irene.calvo,nuria.paredes,oscar.villalba,11,
EML202608250002,EML,2026-08-25,2,EML202608250002.eml,7874,94bb51be57d0074ccd2e5f9f4253dfb87470513477d1ccf01288582bf2c959fb,message/rfc822,2026-08-22T21:19:32.940Z,2026-08-25T04:41:51.684Z,investigador.demo,oscar.villalba,oscar.villalba,1,
EML202608250003,EML,2026-08-25,3,EML202608250003.eml,3385,a6dacb6adc8bf9aa69a2dd8d1c3a093077b04c9c9513738f861b27e0d2a5ca33,message/rfc822,2026-08-23T03:28:44.663Z,2026-08-25T05:16:56.568Z,investigador.demo,carmen.robles,oscar.villalba,5,
EML202608250004,EML,2026-08-25,4,EML202608250004.eml,4138,ba2ace106022679cf08c5eac24db2c522aedefd04827f0ffdf3c98cb33babed3,message/rfc822,2026-08-23T15:49:15.451Z,2026-08-25T09:31:27.828Z,irene.calvo,paula.benitez,oscar.villalba,13,
EML202608250005,EML,2026-08-25,5,EML202608250005.eml,9902,8f159774f374e11c5ca62516c18f615897c0dc432dd3a679521d3cbd9bf3d354,message/rfc822,2026-08-24T13:23:44.420Z,2026-08-25T10:00:57.532Z,investigador.demo,carmen.robles,nuria.paredes,11,
EML202608250006,EML,2026-08-25,6,EML202608250006.eml,8633,381adf195e6d582381cc59203e4ef62c5cb3baf5a48bdf42fc13b49b7f1af0bc,message/rfc822,2026-08-23T20:39:17.186Z,2026-08-25T16:17:48.241Z,irene.calvo,custodio.demo,paula.benitez,19,
EML202608260001,EML,2026-08-26,1,EML202608260001.eml,5439,700753a08a3bcb77e56a963e9022eaf62e6468688af931fbacfd49b73ffaac89,message/rfc822,2026-08-24T09:26:13.334Z,2026-08-26T08:39:42.719Z,investigador.demo,hector.lozano,hector.lozano,17,
EML202608270001,EML,2026-08-27,1,EML202608270001.eml,3279,8c8c34f4de898afb390a703bbefdcbe4c33406454ce61b95276d0badbed34f5b,message/rfc822,2026-08-25T01:01:02.150Z,2026-08-27T02:24:50.605Z,martin.ochoa,hector.lozano,carmen.robles,9,
EML202608280001,EML,2026-08-28,1,EML202608280001.eml,8732,c34f313e5cdf2649961a694388c170ff6b84976c39ac79fcfb9bd4ee62fed234,message/rfc822,2026-08-27T23:16:57.090Z,2026-08-28T06:58:29.595Z,martin.ochoa,hector.lozano,nuria.paredes,7,
EML202608280002,EML,2026-08-28,2,EML202608280002.eml,9457,ef3ca5c1782aaa0b7857e8abc92787486d1753a4ef323b6e28481b5f40b823ec,message/rfc822,2026-08-26T04:49:19.391Z,2026-08-28T10:46:38.279Z,martin.ochoa,paula.benitez,oscar.villalba,19,
EML202608280003,EML,2026-08-28,3,EML202608280003.eml,6940,b7578296c38639dc84d51a2eb846df8cc9353f9c41780db3e2cbf4d8db401248,message/rfc822,2026-08-27T16:57:37.011Z,2026-08-28T14:08:17.427Z,irene.calvo,carmen.robles,hector.lozano,15,
EML202608280004,EML,2026-08-28,4,EML202608280004.eml,5066,e7700bf4b3aea7e8e467d16a6765969a455123420297182dcd2e531b4b51a99c,message/rfc822,2026-08-28T05:49:34.734Z,2026-08-28T18:21:23.449Z,irene.calvo,custodio.demo,custodio.demo,1,
EML202608280005,EML,2026-08-28,5,EML202608280005.eml,3882,dbc5fde435e6463b30e416802e271679234b2b2e4459b36bf2f91f2babaed7e8,message/rfc822,2026-08-27T05:56:52.322Z,2026-08-28T21:29:50.097Z,investigador.demo,hector.lozano,paula.benitez,3,
EML202608280006,EML,2026-08-28,6,EML202608280006.eml,6977,f36e32496d1f1cefbafcfe82125e5f5ff7595940ede7961a4bee3d1c69b33a37,message/rfc822,2026-08-28T22:18:24.239Z,2026-08-28T23:27:37.290Z,irene.calvo,paula.benitez,carmen.robles,13,
EML202608290001,EML,2026-08-29,1,EML202608290001.eml,7746,4711e940058dd42c6f528acd4187478ba15c5a15b39b7ef13af8f35b2e7da456,message/rfc822,2026-08-27T11:20:19.661Z,2026-08-29T05:29:11.079Z,martin.ochoa,hector.lozano,nuria.paredes,17,
EML202608290002,EML,2026-08-29,2,EML202608290002.eml,7236,a4988af5524c09c9a2989999895533118dfc79380065f00b90de1e48320082f6,message/rfc822,2026-08-26T11:32:01.953Z,2026-08-29T06:00:35.960Z,investigador.demo,paula.benitez,oscar.villalba,19,
EML202608290003,EML,2026-08-29,3,EML202608290003.eml,7050,bfec7e1d9e6df26b3305b165f0411693fcea311190b8ce7b4616ec79723cc7a0,message/rfc822,2026-08-27T07:40:44.290Z,2026-08-29T10:39:04.185Z,irene.calvo,oscar.villalba,paula.benitez,17,
EML202608290004,EML,2026-08-29,4,EML202608290004.eml,2465,e066b8695ca518202b276f75e81d20fd96c2823e7d1521598213bf11d8fd9dab,message/rfc822,2026-08-29T11:37:30.995Z,2026-08-29T14:30:32.344Z,investigador.demo,carmen.robles,carmen.robles,17,
EML202608290005,EML,2026-08-29,5,EML202608290005.eml,4907,e4eda6b84018861b1c81cf465dd9f546e81c9e91e6f550b67040940b4043bcbb,message/rfc822,2026-08-28T15:38:32.698Z,2026-08-29T21:55:00.473Z,investigador.demo,paula.benitez,custodio.demo,17,
EML202608300001,EML,2026-08-30,1,EML202608300001.eml,2883,70486bad6007815542debf7c8d6746e09e6453f0f5db6cade638fdad0908cf08,message/rfc822,2026-08-29T17:07:52.500Z,2026-08-30T18:12:15.369Z,martin.ochoa,oscar.villalba,carmen.robles,3,
EML202608310001,EML,2026-08-31,1,EML202608310001.eml,8799,402f4c769331b7dad7062696cde9b18ae0bed521f7e7b2ec575336b7c16450ae,message/rfc822,2026-08-30T22:46:59.960Z,2026-08-31T02:45:34.422Z,martin.ochoa,custodio.demo,nuria.paredes,11,
EML202608310002,EML,2026-08-31,2,EML202608310002.eml,8658,5153cdac9822eba6442e831ce6e02bc4d0f25179846c5ecb23a93e18e9346417,message/rfc822,2026-08-29T02:48:21.909Z,2026-08-31T09:20:17.140Z,irene.calvo,custodio.demo,hector.lozano,19,
EML202608310003,EML,2026-08-31,3,EML202608310003.eml,3121,121ce0c0058934e8421a997bfa4120c36e35e5192ed95863af2573b19803dc33,message/rfc822,2026-08-29T19:51:37.104Z,2026-08-31T19:28:13.560Z,martin.ochoa,paula.benitez,nuria.paredes,15,
EML202609010001,EML,2026-09-01,1,EML202609010001.eml,7303,2d24b29915d325880d5dff4eb66ccd7a5280a62163f31da51461065290f89fc7,message/rfc822,2026-08-31T23:06:39.566Z,2026-09-01T00:13:39.877Z,irene.calvo,custodio.demo,oscar.villalba,7,
EML202609010002,EML,2026-09-01,2,EML202609010002.eml,8530,e7ff55f98b2564169ad2faf9388da44c9b7de46bf365a013c7d8cd657b61a4d3,message/rfc822,2026-08-31T10:22:14.678Z,2026-09-01T05:08:46.007Z,irene.calvo,carmen.robles,paula.benitez,9,
EML202609010003,EML,2026-09-01,3,EML202609010003.eml,3974,96b3e76f7af8f660dc067832ec6ee9787f6b0fd4fde20d02ee06697d3f2125e3,message/rfc822,2026-08-31T04:22:17.333Z,2026-09-01T07:09:33.451Z,martin.ochoa,paula.benitez,nuria.paredes,13,
EML202609010004,EML,2026-09-01,4,EML202609010004.eml,7490,d45085a914cdea8915ad60c9e032ab7371b60f36a8548f1da575f621339086c2,message/rfc822,2026-08-31T17:15:27.439Z,2026-09-01T12:42:40.640Z,martin.ochoa,custodio.demo,nuria.paredes,3,
EML202609010005,EML,2026-09-01,5,EML202609010005.eml,7777,72daf4cec7e113d27da001372f04ac4b524ed16d8db83b0ac0bb95f185d4ad0e,message/rfc822,2026-08-31T04:03:26.617Z,2026-09-01T20:15:23.474Z,martin.ochoa,custodio.demo,paula.benitez,7,
EML202609010006,EML,2026-09-01,6,EML202609010006.eml,5206,247d76ef9cf0235fb51805f95b61c7f0a7e26c18789e8ad2fccd34914319fa8c,message/rfc822,2026-08-31T16:56:28.525Z,2026-09-01T22:45:22.516Z,irene.calvo,hector.lozano,custodio.demo,13,
EML202609020001,EML,2026-09-02,1,EML202609020001.eml,7245,285683640a3a386a613ac1e93a4eab598438ed7aebb44ad6edbc1602133b15e6,message/rfc822,2026-09-02T01:06:59.894Z,2026-09-02T07:41:17.176Z,investigador.demo,hector.lozano,hector.lozano,11,
EML202609020002,EML,2026-09-02,2,EML202609020002.eml,2635,8795f3c30221eb5259161c3ab7b9c5a884d505613a4ac83fcbf85e1cf5433bd3,message/rfc822,2026-08-31T04:04:59.897Z,2026-09-02T15:24:51.091Z,martin.ochoa,nuria.paredes,hector.lozano,9,
EML202609030001,EML,2026-09-03,1,EML202609030001.eml,5267,6329c092d3adf7589c85932bed1cf6d34c72331d440f972a9cd485dd1396474b,message/rfc822,2026-08-31T06:37:13.747Z,2026-09-03T05:41:32.255Z,martin.ochoa,carmen.robles,carmen.robles,9,
EML202609030002,EML,2026-09-03,2,EML202609030002.eml,6401,bd03f8f23ee0a51c764f4aa7bd0f1268505468276246688d531dcc630ce94365,message/rfc822,2026-08-31T18:49:07.800Z,2026-09-03T05:50:55.809Z,martin.ochoa,oscar.villalba,paula.benitez,11,
EML202609030003,EML,2026-09-03,3,EML202609030003.eml,6853,ebfbb05c2abf1a3687e65e651a2cd718c001cc5ef3d945cbdc4e4384bccbaf3e,message/rfc822,2026-09-01T18:21:05.654Z,2026-09-03T08:40:51.065Z,investigador.demo,oscar.villalba,carmen.robles,13,
EML202609030004,EML,2026-09-03,4,EML202609030004.eml,9199,91bac7e1c9e23facfc481440bf925afc38df9021acd5b1987879294424fc3ad5,message/rfc822,2026-09-02T19:21:28.971Z,2026-09-03T23:57:14.170Z,investigador.demo,nuria.paredes,carmen.robles,7,
EML202609040001,EML,2026-09-04,1,EML202609040001.eml,2348,69002eaff3a86939feb675deb5d1b8d03617e23b2b57f96de89006673a46a7d4,message/rfc822,2026-09-01T07:34:09.617Z,2026-09-04T04:27:54.732Z,irene.calvo,hector.lozano,hector.lozano,1,
EML202609040002,EML,2026-09-04,2,EML202609040002.eml,5597,f3860173bb56d5e5204a4519f6b18229ee26eed9e2b75658951e446073c8e708,message/rfc822,2026-09-04T01:45:49.875Z,2026-09-04T08:18:57.165Z,investigador.demo,custodio.demo,custodio.demo,15,
EML202609040003,EML,2026-09-04,3,EML202609040003.eml,9804,2dfec7b67e31e9a9d5510ad6744212c88011ee0e4ae11c45aa7692507722d9a3,message/rfc822,2026-09-03T21:41:10.121Z,2026-09-04T10:31:11.528Z,investigador.demo,carmen.robles,nuria.paredes,15,
EML202609040004,EML,2026-09-04,4,EML202609040004.eml,5299,b4862cc53bca28d0ee14a77e80c259bc4ab98bfd192f6a0083a47bc9899ce971,message/rfc822,2026-09-01T17:10:09.305Z,2026-09-04T16:21:05.388Z,irene.calvo,nuria.paredes,paula.benitez,19,
EML202609040005,EML,2026-09-04,5,EML202609040005.eml,6682,b532fdd5001f82349c9d483018747917f992790ed77bb6c730d2cb1628dafb9c,message/rfc822,2026-09-02T03:56:17.198Z,2026-09-04T18:37:06.522Z,investigador.demo,oscar.villalba,hector.lozano,5,
EML202609050001,EML,2026-09-05,1,EML202609050001.eml,3510,c2df81093adafd9be60968cc98a9531b69e33a92645dae07879090a74568724a,message/rfc822,2026-09-02T19:39:18.184Z,2026-09-05T00:06:27.367Z,investigador.demo,oscar.villalba,hector.lozano,5,
EML202609050002,EML,2026-09-05,2,EML202609050002.eml,7798,818bfc7ead81db9ef8a3a334cf38fe34a917433baa6d50cde7eed9ec96328bcf,message/rfc822,2026-09-03T13:35:11.101Z,2026-09-05T00:38:25.162Z,irene.calvo,hector.lozano,carmen.robles,19,
EML202609050003,EML,2026-09-05,3,EML202609050003.eml,3138,37df62226833ea5645612e9ce598a07cbd72e5f8ddbf5a2304671b1aae060364,message/rfc822,2026-09-02T12:32:11.642Z,2026-09-05T06:39:55.873Z,martin.ochoa,hector.lozano,paula.benitez,7,
EML202609060001,EML,2026-09-06,1,EML202609060001.eml,2391,dfa29787ef6d70101297b806f7df549558b137570f9da9fecc27bae429a89363,message/rfc822,2026-09-03T10:05:54.608Z,2026-09-06T08:38:48.921Z,martin.ochoa,nuria.paredes,custodio.demo,5,
EML202609060002,EML,2026-09-06,2,EML202609060002.eml,3450,e2ed388766b7408d2946e4b4ed9ea31826eda02c7655adcda21f87fe2c79a736,message/rfc822,2026-09-05T12:44:27.640Z,2026-09-06T22:03:15.526Z,investigador.demo,hector.lozano,oscar.villalba,5,
EML202609060003,EML,2026-09-06,3,EML202609060003.eml,7927,1e4597f368819b9b3dfb0fa377422d97d2b65c0e353911632bf0f91b91676ea8,message/rfc822,2026-09-04T17:55:33.891Z,2026-09-06T23:30:58.918Z,martin.ochoa,custodio.demo,oscar.villalba,19,
EML202609070001,EML,2026-09-07,1,EML202609070001.eml,7350,7347dfccb14bf91b43e0800220f8456beab931af4471f4109a673cf3926856d3,message/rfc822,2026-09-06T18:42:34.792Z,2026-09-07T01:15:49.784Z,irene.calvo,nuria.paredes,nuria.paredes,19,
EML202609070002,EML,2026-09-07,2,EML202609070002.eml,4610,5100fcea19ed825ea0f62054349cdc6b06b0f46633ee14c52fcf70788e9b5c1d,message/rfc822,2026-09-04T12:28:00.507Z,2026-09-07T01:23:10.220Z,investigador.demo,nuria.paredes,nuria.paredes,1,
EML202609070003,EML,2026-09-07,3,EML202609070003.eml,4748,b1cee6b4bb6e0d7d60a0113bdfcd9a9365ae623208cfab62a3a941d5f3f48e79,message/rfc822,2026-09-06T22:02:14.652Z,2026-09-07T06:46:33.860Z,investigador.demo,oscar.villalba,carmen.robles,11,
EML202609070004,EML,2026-09-07,4,EML202609070004.eml,7690,fb69d9b175d98723bb54e24fbd6933b8dcc25e4bca8267f74a002e8dd47781c0,message/rfc822,2026-09-05T10:46:12.985Z,2026-09-07T10:08:10.819Z,irene.calvo,hector.lozano,custodio.demo,5,
EML202609080001,EML,2026-09-08,1,EML202609080001.eml,7621,108e37ab59c7469590b3c19c802844bcf5f7da9ca29504813517e4214b90b3d2,message/rfc822,2026-09-06T20:09:36.609Z,2026-09-08T00:23:55.726Z,investigador.demo,custodio.demo,hector.lozano,15,
EML202609080002,EML,2026-09-08,2,EML202609080002.eml,7577,18ec8cf4aecf6b4a35e06dd21f3f968ab7d5e5555eb69146021dc4e13dcebc3c,message/rfc822,2026-09-07T11:01:17.226Z,2026-09-08T18:43:07.219Z,martin.ochoa,paula.benitez,carmen.robles,17,
EML202609080003,EML,2026-09-08,3,EML202609080003.eml,8063,8309b52a006a9c72643814780ec96934c7238063aaade0b69a339baecff4ae5b,message/rfc822,2026-09-06T10:33:25.831Z,2026-09-08T23:05:59.876Z,investigador.demo,nuria.paredes,oscar.villalba,3,
EML202609090001,EML,2026-09-09,1,EML202609090001.eml,2640,14d1ffe9e30b18c23046b31a500bcbdc415c81128115ee0394d865f84720c674,message/rfc822,2026-09-08T16:12:24.341Z,2026-09-09T00:10:19.015Z,irene.calvo,carmen.robles,nuria.paredes,9,
EML202609090002,EML,2026-09-09,2,EML202609090002.eml,6942,199c6b306de9608e892b2c6658278940c946986b9e26380246f4d7eede20b9c4,message/rfc822,2026-09-06T17:40:35.408Z,2026-09-09T12:31:58.076Z,investigador.demo,nuria.paredes,carmen.robles,15,
EML202609090003,EML,2026-09-09,3,EML202609090003.eml,6527,d81877549693fc3bb3b0e9aa47de65adc924f721c789bbdff3d266c59c32b43e,message/rfc822,2026-09-08T20:08:33.229Z,2026-09-09T13:19:09.180Z,irene.calvo,oscar.villalba,paula.benitez,5,
EML202609090004,EML,2026-09-09,4,EML202609090004.eml,9529,e4f5a274ab75ac0b805d032d989942fb47c1cf8cc2d728d58439747daa85f708,message/rfc822,2026-09-07T11:01:50.808Z,2026-09-09T14:18:32.558Z,martin.ochoa,hector.lozano,custodio.demo,3,
EML202609100001,EML,2026-09-10,1,EML202609100001.eml,4947,e03b7d0b67b92fa3f673d38617fb70787d992b75d4ba55350f45fb9a4c9402aa,message/rfc822,2026-09-07T15:37:01.257Z,2026-09-10T02:42:46.060Z,investigador.demo,oscar.villalba,oscar.villalba,1,
EML202609100002,EML,2026-09-10,2,EML202609100002.eml,3112,920ac430f61f8b99adbc5b5443d75dfa8bdaa6b4181f6dc0ba6d91d42c6c416b,message/rfc822,2026-09-09T10:45:24.734Z,2026-09-10T14:46:29.121Z,martin.ochoa,custodio.demo,hector.lozano,13,
EML202609100003,EML,2026-09-10,3,EML202609100003.eml,9248,19336ead229ae16b8e8e8bbde6d2a2b64dcdf2e1bbc53042a89bca385153753d,message/rfc822,2026-09-08T09:02:04.008Z,2026-09-10T14:59:17.739Z,martin.ochoa,nuria.paredes,carmen.robles,3,
EML202609100004,EML,2026-09-10,4,EML202609100004.eml,5659,1038d1e81658144c8bbef915af956f297aa709c6b66afec0ace7a54cca882ce6,message/rfc822,2026-09-10T08:22:08.830Z,2026-09-10T16:53:23.751Z,investigador.demo,paula.benitez,paula.benitez,17,
EML202609110001,EML,2026-09-11,1,EML202609110001.eml,4519,d32aef8ac5a9d59be1c75c990a1c5d1a03738903844a8fe0da1959941a0c3e01,message/rfc822,2026-09-09T16:44:31.656Z,2026-09-11T15:08:59.745Z,martin.ochoa,carmen.robles,nuria.paredes,17,
EML202609110002,EML,2026-09-11,2,EML202609110002.eml,6072,97aaab12ce28f4d301ab9a6284d75fa909b32f5048a0ccf7ccf06cdf9853acef,message/rfc822,2026-09-11T10:27:43.953Z,2026-09-11T17:35:38.719Z,irene.calvo,carmen.robles,oscar.villalba,19,
EML202609110003,EML,2026-09-11,3,EML202609110003.eml,7654,d350423fa5f516536d4befde92c6fd84f1edc52978459cf672fb36b69de56dee,message/rfc822,2026-09-10T14:41:03.588Z,2026-09-11T19:54:35.630Z,investigador.demo,hector.lozano,carmen.robles,3,
EML202609110004,EML,2026-09-11,4,EML202609110004.eml,8283,512e5b191e8344e8fdb4fbfd6ff8a498a1acf1a32ab5f58de4786d898e8758f0,message/rfc822,2026-09-11T05:47:16.762Z,2026-09-11T22:44:21.926Z,martin.ochoa,custodio.demo,custodio.demo,15,
EML202609120001,EML,2026-09-12,1,EML202609120001.eml,4936,ce31362b627c3fd4fb87ddb8663c523988a8b323c453a0ed97857551325574bc,message/rfc822,2026-09-10T14:03:55.573Z,2026-09-12T01:04:14.434Z,martin.ochoa,paula.benitez,carmen.robles,17,
EML202609120002,EML,2026-09-12,2,EML202609120002.eml,3114,e9bfc4677b17eaa96e287d4ba182466bfebe0d26b1605a7b36c41e2b9a81953b,message/rfc822,2026-09-09T19:59:50.351Z,2026-09-12T16:50:23.401Z,irene.calvo,carmen.robles,hector.lozano,13,
EML202609120003,EML,2026-09-12,3,EML202609120003.eml,8221,5ab9847ba5cd4f3ebab99280e9082915527a1e7b4a0c61c06b1186043f4ec463,message/rfc822,2026-09-10T06:36:38.076Z,2026-09-12T22:36:04.374Z,irene.calvo,oscar.villalba,nuria.paredes,7,
EML202609130001,EML,2026-09-13,1,EML202609130001.eml,8068,5d9e344148f6d997572d81b0e3d37b9ffaa1c00de91f7fbd1384a90e64d1eedf,message/rfc822,2026-09-10T12:13:19.001Z,2026-09-13T03:07:48.407Z,investigador.demo,oscar.villalba,nuria.paredes,7,
EML202609130002,EML,2026-09-13,2,EML202609130002.eml,3594,73d85acc2142d3dd9a8ee96d4360b292a3fdbe3bfefcb0b02fc58b487490b82c,message/rfc822,2026-09-13T00:20:03.258Z,2026-09-13T14:19:21.460Z,investigador.demo,carmen.robles,hector.lozano,7,
EML202609130003,EML,2026-09-13,3,EML202609130003.eml,4728,feda91109d3802c0fe66bcb554c5c9964dbc9dcd40968f324109c415fd0b8c95,message/rfc822,2026-09-12T19:31:34.379Z,2026-09-13T15:07:10.952Z,irene.calvo,paula.benitez,carmen.robles,13,
EML202609130004,EML,2026-09-13,4,EML202609130004.eml,10003,f4d3ec73ed8bf89da40bccec694c07fde1cac95ddfdddcf25333ce3d22a31ba1,message/rfc822,2026-09-12T02:03:34.542Z,2026-09-13T16:43:06.393Z,investigador.demo,hector.lozano,paula.benitez,11,
EML202609140001,EML,2026-09-14,1,EML202609140001.eml,2773,e9c2212bd34b05978e7e83718aee0e65025ed6d599eeca956b4aec9fc1139b53,message/rfc822,2026-09-11T14:17:38.053Z,2026-09-14T08:27:57.682Z,investigador.demo,nuria.paredes,nuria.paredes,3,
EML202609140002,EML,2026-09-14,2,EML202609140002.eml,2237,4a01a5e9d447679b224d26e34eeb137f5b6bb3682f330f5e0e8f568db529cdc7,message/rfc822,2026-09-11T19:43:21.463Z,2026-09-14T19:01:33.606Z,irene.calvo,hector.lozano,oscar.villalba,17,
EML202609140003,EML,2026-09-14,3,EML202609140003.eml,8109,b7d3ffc22e19bfaaf64151b402f18e4026d6bc61c8ef5b175523a36fb1b8e9ef,message/rfc822,2026-09-13T11:17:47.924Z,2026-09-14T19:30:01.842Z,investigador.demo,oscar.villalba,carmen.robles,3,
EML202609150001,EML,2026-09-15,1,EML202609150001.eml,5128,d052641cf09a101e6175dc1a34c1ecd2655e18de4282fc60c55adc74089e07c7,message/rfc822,2026-09-13T16:35:30.706Z,2026-09-15T04:11:57.841Z,investigador.demo,carmen.robles,nuria.paredes,11,
EML202609150002,EML,2026-09-15,2,EML202609150002.eml,8803,0cb722e229beb1d2421b9a8c50af4869ce357437f0cfde33ba3729423acf1eab,message/rfc822,2026-09-15T01:21:36.045Z,2026-09-15T12:34:46.704Z,martin.ochoa,hector.lozano,oscar.villalba,9,
EML202609150003,EML,2026-09-15,3,EML202609150003.eml,8626,f5ca69cf423453768baa492dabd745d2a52d8aa933271bb292bc4b3a096685c0,message/rfc822,2026-09-13T08:00:53.350Z,2026-09-15T17:40:32.025Z,investigador.demo,carmen.robles,oscar.villalba,17,
EML202609150004,EML,2026-09-15,4,EML202609150004.eml,6581,993dbe83b33a5986abe681df40781116d4375a456eb8a61c3eb89c0cb732ff27,message/rfc822,2026-09-15T07:46:39.884Z,2026-09-15T19:08:41.137Z,irene.calvo,carmen.robles,nuria.paredes,11,
EML202609160001,EML,2026-09-16,1,EML202609160001.eml,3137,c795fefce87459b12e5d76dfa17457ea16ebd5b15889e0766d61db5f960f7932,message/rfc822,2026-09-13T20:28:02.390Z,2026-09-16T10:06:22.640Z,investigador.demo,oscar.villalba,paula.benitez,17,
EML202609160002,EML,2026-09-16,2,EML202609160002.eml,2590,994756c46d03556f3b9d227406b5a9d1993183d29445499ab77cf92c5dc6d0d0,message/rfc822,2026-09-15T00:19:07.871Z,2026-09-16T17:41:52.643Z,martin.ochoa,hector.lozano,custodio.demo,13,
EML202609170001,EML,2026-09-17,1,EML202609170001.eml,5113,cf4e243f0effebe410d64242186defe1e863e466d46a3d66e73197a776a07269,message/rfc822,2026-09-14T16:14:13.520Z,2026-09-17T00:58:59.057Z,irene.calvo,nuria.paredes,nuria.paredes,13,
EML202609170002,EML,2026-09-17,2,EML202609170002.eml,7969,8c973f944dbe0c2f463c9fd51cc341a5cea4739cb3449b77fa52cf51414c4f9a,message/rfc822,2026-09-14T18:33:43.158Z,2026-09-17T07:51:28.481Z,investigador.demo,oscar.villalba,paula.benitez,3,
EML202609170003,EML,2026-09-17,3,EML202609170003.eml,8204,0a58c1524b5e51be275882a64d7277138b6bc47ee7557e95bd0e5e50dde5fc2b,message/rfc822,2026-09-16T00:01:17.278Z,2026-09-17T11:40:01.182Z,investigador.demo,paula.benitez,hector.lozano,7,
EML202609170004,EML,2026-09-17,4,EML202609170004.eml,8310,2707fbe2babe10d0d681a86e93243cd438487f66f7e6e3c6cc4a5b8604f6a30d,message/rfc822,2026-09-17T08:56:17.560Z,2026-09-17T16:46:55.718Z,investigador.demo,hector.lozano,paula.benitez,9,
EML202609180001,EML,2026-09-18,1,EML202609180001.eml,3091,f42f3b1e665a0f82b5e5dc857a6c09f097f9fef2f426610f50b85e4570155b17,message/rfc822,2026-09-16T05:58:37.085Z,2026-09-18T01:47:53.287Z,irene.calvo,oscar.villalba,paula.benitez,21,
EML202609180002,EML,2026-09-18,2,EML202609180002.eml,9630,7f49057135f18a64cb16d8b4da84423a9b3f48809b56654869f61818dfa68f4e,message/rfc822,2026-09-15T17:06:32.007Z,2026-09-18T03:52:32.909Z,irene.calvo,custodio.demo,paula.benitez,7,
EML202609180003,EML,2026-09-18,3,EML202609180003.eml,7070,707cbed6cd98a645092faa133085a5ddb534a0d34a8e821bc7276e5a2d4220a7,message/rfc822,2026-09-18T01:05:20.658Z,2026-09-18T05:18:09.631Z,investigador.demo,carmen.robles,paula.benitez,3,
EML202609180004,EML,2026-09-18,4,EML202609180004.eml,8073,9eae581e5c43854d1c5e34155a3ddeffd1a0362205d3eaf09e7e3b3e58d621f2,message/rfc822,2026-09-17T09:51:56.438Z,2026-09-18T09:43:41.062Z,investigador.demo,nuria.paredes,custodio.demo,5,
EML202609180005,EML,2026-09-18,5,EML202609180005.eml,5403,a40237c20c148de30fdb62d715ec5a5bef956f301e0f5060fe9858cc59a9ed52,message/rfc822,2026-09-15T22:56:23.423Z,2026-09-18T16:38:46.549Z,investigador.demo,custodio.demo,nuria.paredes,13,
EML202609190001,EML,2026-09-19,1,EML202609190001.eml,5141,b26f43ee706ed8ad0be23b5bcd00064f77435dd4c23e79aae08512a9cb65d849,message/rfc822,2026-09-16T23:40:12.964Z,2026-09-19T18:17:25.801Z,investigador.demo,oscar.villalba,hector.lozano,3,
EML202609190002,EML,2026-09-19,2,EML202609190002.eml,8631,6dc940cc683c03db764220d3aff4a78321eee133b02e1d4615800b0541f596a2,message/rfc822,2026-09-17T07:45:51.784Z,2026-09-19T21:18:11.979Z,irene.calvo,oscar.villalba,carmen.robles,19,
EML202609210001,EML,2026-09-21,1,EML202609210001.eml,2837,37e80b629826c55c82f3b2dc4152483c99708f3cf859628d62648b4b7cf01b95,message/rfc822,2026-09-20T05:27:55.514Z,2026-09-21T13:20:58.273Z,martin.ochoa,custodio.demo,nuria.paredes,21,
EML202609210002,EML,2026-09-21,2,EML202609210002.eml,2702,a5f7db655df71b102bb8ad9d59a9e0097a92a34c96472bbe4df11c1c89701b36,message/rfc822,2026-09-19T00:01:52.864Z,2026-09-21T22:19:27.448Z,martin.ochoa,custodio.demo,oscar.villalba,13,
EML202609220001,EML,2026-09-22,1,EML202609220001.eml,5222,6018d7933ab5f56d3fd44612ae0290fb1c21fc385d288f1a6badcfbb0faa152f,message/rfc822,2026-09-21T17:11:19.672Z,2026-09-22T06:39:40.214Z,martin.ochoa,nuria.paredes,custodio.demo,13,
EML202609220002,EML,2026-09-22,2,EML202609220002.eml,3050,32d85a5739465222c3302ad4854f2ebf702427701d66ef05e6ae17e0aaaa61a2,message/rfc822,2026-09-22T02:41:02.605Z,2026-09-22T11:15:59.740Z,martin.ochoa,nuria.paredes,hector.lozano,9,
EML202609220003,EML,2026-09-22,3,EML202609220003.eml,9767,eb556ac570a347a377ae1e9d6fd20814253671a685f64d4b31b43df69411137c,message/rfc822,2026-09-22T10:33:36.481Z,2026-09-22T14:59:50.321Z,investigador.demo,hector.lozano,paula.benitez,13,
EML202609220004,EML,2026-09-22,4,EML202609220004.eml,2500,a29a4165da0f58f2b3f3f48d8e94a2b4942e8c1c84d8018bcb5da7a67c353fdc,message/rfc822,2026-09-20T21:50:55.677Z,2026-09-22T17:50:20.820Z,investigador.demo,hector.lozano,paula.benitez,7,
EML202609220005,EML,2026-09-22,5,EML202609220005.eml,4108,06715dcb6929faeb313d27e89b5138a1c11f2a0860bcc8e8518e99d25669df31,message/rfc822,2026-09-21T18:51:33.198Z,2026-09-22T20:06:31.656Z,investigador.demo,custodio.demo,hector.lozano,11,
EML202609230001,EML,2026-09-23,1,EML202609230001.eml,3530,cfcf43b7cb27dd88c2f3e07ed42858f85d85c8bc39ca11e127e63eee7d1aa242,message/rfc822,2026-09-23T02:21:16.457Z,2026-09-23T15:24:32.682Z,martin.ochoa,custodio.demo,nuria.paredes,9,
EML202609230002,EML,2026-09-23,2,EML202609230002.eml,5957,1ed7bd2851f1dc098f6630340d269e8d522abb31cf9903febacc3c44111755b1,message/rfc822,2026-09-21T11:01:24.106Z,2026-09-23T23:19:31.357Z,irene.calvo,custodio.demo,custodio.demo,5,
EML202609230003,EML,2026-09-23,3,EML202609230003.eml,4569,df9aa3e3694d2b131d6e4ef090550633e89755e3f0e45d118acd382146f157ad,message/rfc822,2026-09-21T09:03:33.306Z,2026-09-23T23:55:13.683Z,investigador.demo,nuria.paredes,carmen.robles,9,
EML202609240001,EML,2026-09-24,1,EML202609240001.eml,6952,6b5833c345701a343a6ed5ded7e84230d745783113492d7e7d5fa95275c58264,message/rfc822,2026-09-23T22:49:16.320Z,2026-09-24T03:25:59.698Z,irene.calvo,oscar.villalba,carmen.robles,9,
EML202609240002,EML,2026-09-24,2,EML202609240002.eml,6439,6b79dfbae0ff6d9f113ceaf6b3e0c8b736b429365176b5a04c3fdcf6b0af3d2c,message/rfc822,2026-09-23T08:35:47.332Z,2026-09-24T11:23:49.356Z,irene.calvo,paula.benitez,carmen.robles,9,
EML202609250001,EML,2026-09-25,1,EML202609250001.eml,4238,6120d7c43aed82c40ad14e86390b2be07dcecc2a1b12a76e1939440fc7cb0885,message/rfc822,2026-09-22T20:12:02.602Z,2026-09-25T03:20:35.988Z,martin.ochoa,nuria.paredes,carmen.robles,3,
EML202609250002,EML,2026-09-25,2,EML202609250002.eml,4698,2bc18527acc8b44ba4c535151fbcca14df36c9f4ac58f1a8f97e5631d3675d86,message/rfc822,2026-09-23T20:20:07.511Z,2026-09-25T16:34:59.870Z,martin.ochoa,custodio.demo,carmen.robles,7,
EML202609260001,EML,2026-09-26,1,EML202609260001.eml,8815,766417a5788355f4069724ae33d0ecd03c0287ef0d0397de60260b59cf30a615,message/rfc822,2026-09-25T08:27:19.921Z,2026-09-26T01:43:29.223Z,investigador.demo,hector.lozano,custodio.demo,11,
EML202609260002,EML,2026-09-26,2,EML202609260002.eml,3865,eb4d90865baba571208a8e4060ff901eea1fa3b8893f60d3dee5557375d96a3f,message/rfc822,2026-09-24T11:21:05.448Z,2026-09-26T06:11:22.750Z,irene.calvo,nuria.paredes,carmen.robles,3,
EML202609270001,EML,2026-09-27,1,EML202609270001.eml,4660,910046a79c1aad5c4c45ba7beedd4b5b981e818dbd0fcb389b1ca9aba748cca0,message/rfc822,2026-09-26T00:46:45.871Z,2026-09-27T20:16:13.953Z,martin.ochoa,carmen.robles,custodio.demo,7,
EML202609280001,EML,2026-09-28,1,EML202609280001.eml,6879,84bebb7ec9be6462ecfb94b143da7fdf316bccb6198e1248bad05cb386138619,message/rfc822,2026-09-26T20:06:44.731Z,2026-09-28T22:15:34.215Z,investigador.demo,hector.lozano,carmen.robles,5,
EML202609290001,EML,2026-09-29,1,EML202609290001.eml,9399,7aad9ae098f3d2e4e85dd023ff525d507e030064afd7c01211d383774f307ebe,message/rfc822,2026-09-27T13:57:57.555Z,2026-09-29T01:54:13.943Z,irene.calvo,hector.lozano,nuria.paredes,5,
EML202609290002,EML,2026-09-29,2,EML202609290002.eml,3569,4e152fb84caafec24e673ee6978b4db7c5527fe3811533e12f30477839b4b550,message/rfc822,2026-09-27T18:10:45.895Z,2026-09-29T13:58:32.379Z,martin.ochoa,carmen.robles,paula.benitez,3,
EML202609290003,EML,2026-09-29,3,EML202609290003.eml,7662,9e25a4517a6d4ef8fd05236ebd69c7a29e86507886b57eb583648aabfb5371a9,message/rfc822,2026-09-29T01:01:54.132Z,2026-09-29T15:01:13.179Z,investigador.demo,hector.lozano,hector.lozano,3,
EML202609290004,EML,2026-09-29,4,EML202609290004.eml,7577,152b5532fa4781f68634bc3990e6bdae8fc1ecd810de457c3939063aad1e2060,message/rfc822,2026-09-27T15:40:13.199Z,2026-09-29T21:41:31.782Z,investigador.demo,paula.benitez,paula.benitez,3,
EML202609300001,EML,2026-09-30,1,EML202609300001.eml,2323,3991ccb8072282e15e984b6e580bd7ecbee3d7d79a90061dc0fec29ed4f059bd,message/rfc822,2026-09-28T17:40:45.221Z,2026-09-30T05:32:33.473Z,investigador.demo,paula.benitez,paula.benitez,3,
EML202609300002,EML,2026-09-30,2,EML202609300002.eml,5708,0c7c2071649045b3ea4e6039f28f39b6a8ad7798c1e5a5b3bec646848ae0134c,message/rfc822,2026-09-29T03:15:26.759Z,2026-09-30T06:32:35.586Z,martin.ochoa,hector.lozano,carmen.robles,3,
EML202609300003,EML,2026-09-30,3,EML202609300003.eml,9917,7e192a60a2a79f64571d5fbfb73e71685fe191e8d36c81b98943396a3cd14df2,message/rfc822,2026-09-28T15:57:58.757Z,2026-09-30T14:42:24.562Z,martin.ochoa,oscar.villalba,nuria.paredes,3,
EML202609300004,EML,2026-09-30,4,EML202609300004.eml,7913,b13a7b21b110ce12e0b2a3022f2571b6c415f6d52bb22dba1c5e7e6265620fa7,message/rfc822,2026-09-28T06:29:09.985Z,2026-09-30T22:57:07.718Z,irene.calvo,oscar.villalba,oscar.villalba,3,
LOG202607030001,LOG,2026-07-03,1,LOG202607030001.log,1935,e2e5a040693d55ca08afd5222b53a5d4a89ba066d690a50e6c0698d840edf332,text/plain; charset=utf-8,2026-07-01T02:16:10.111Z,2026-07-03T02:02:55.441Z,investigador.demo,paula.benitez,hector.lozano,3,
LOG202607030002,LOG,2026-07-03,2,LOG202607030002.log,2891,9a04b33776b6850c921e663bd35aeb75134b8b98b94114d4d805d72db0176f94,text/plain; charset=utf-8,2026-07-02T21:21:43.958Z,2026-07-03T05:28:21.295Z,investigador.demo,hector.lozano,carmen.robles,13,
LOG202607030003,LOG,2026-07-03,3,LOG202607030003.log,4037,7571410fa283c0d8c94754cf2a89afa0739f23821625699f210d8054d4b36d01,text/plain; charset=utf-8,2026-07-03T10:37:03.514Z,2026-07-03T17:11:48.013Z,irene.calvo,custodio.demo,custodio.demo,11,
LOG202607030004,LOG,2026-07-03,4,LOG202607030004.log,1455,c2121a8923b3dc4ca35813bdb4543eaa0e5fefe39e1c8f3439c3808f3bded98e,text/plain; charset=utf-8,2026-07-02T02:35:22.028Z,2026-07-03T23:46:00.233Z,irene.calvo,nuria.paredes,nuria.paredes,11,
LOG202607040001,LOG,2026-07-04,1,LOG202607040001.log,3217,1e2c06fea0b7933c962b28aa4cc607fd4f67db40ee92c4776b445af7380a99be,text/plain; charset=utf-8,2026-07-02T06:01:12.459Z,2026-07-04T05:02:05.353Z,irene.calvo,custodio.demo,oscar.villalba,11,
LOG202607040002,LOG,2026-07-04,2,LOG202607040002.log,4649,a8b2ab146d9c02f41b442dd271eab11ef9a66839d1d2950fc578cec7f4a5d4f0,text/plain; charset=utf-8,2026-07-04T04:27:36.478Z,2026-07-04T17:13:29.544Z,irene.calvo,paula.benitez,oscar.villalba,17,
LOG202607040003,LOG,2026-07-04,3,LOG202607040003.log,1775,5c108a274343a35430f6dffc79ecd5a063db91dd2b1b86e7a356fc731cec73b1,text/plain; charset=utf-8,2026-07-04T19:40:16.491Z,2026-07-04T20:28:30.761Z,investigador.demo,carmen.robles,carmen.robles,19,
LOG202607040004,LOG,2026-07-04,4,LOG202607040004.log,2090,a23a220bfbeda60b8019b91684a1d6205752cf7c8f0ba4173ac290193ae392bd,text/plain; charset=utf-8,2026-07-03T13:08:25.099Z,2026-07-04T22:45:55.253Z,investigador.demo,carmen.robles,oscar.villalba,17,
LOG202607050001,LOG,2026-07-05,1,LOG202607050001.log,2246,a71a65fb770c656cb6d5b3a3c0075a04bfe3e1bda875e24da1215cca85e6ab44,text/plain; charset=utf-8,2026-07-04T11:33:27.549Z,2026-07-05T01:24:44.842Z,martin.ochoa,paula.benitez,hector.lozano,11,
LOG202607050002,LOG,2026-07-05,2,LOG202607050002.log,1932,30f5a33207e612bed9d5cadc564a2f0c0eeaa4dab7c59a3e0cdc8a9bec41a1e4,text/plain; charset=utf-8,2026-07-05T01:55:10.446Z,2026-07-05T02:34:03.956Z,irene.calvo,hector.lozano,paula.benitez,5,
LOG202607050003,LOG,2026-07-05,3,LOG202607050003.log,4846,fff571ef4f153e51cb77ffd1dd0acc12a57f39646732f663508d8e253d39dfb7,text/plain; charset=utf-8,2026-07-04T04:16:24.175Z,2026-07-05T05:20:10.210Z,irene.calvo,nuria.paredes,nuria.paredes,15,
LOG202607050004,LOG,2026-07-05,4,LOG202607050004.log,3061,078cc67c342099de85e9596ca063d1f90f9ff4de006df5c92f858480bc906191,text/plain; charset=utf-8,2026-07-04T19:06:03.251Z,2026-07-05T07:49:46.371Z,irene.calvo,hector.lozano,paula.benitez,9,
LOG202607050005,LOG,2026-07-05,5,LOG202607050005.log,3400,f9d399d56a186155329193a135fa288717d8c2c94b3a3bf87189c74ae8e8759c,text/plain; charset=utf-8,2026-07-04T14:36:56.201Z,2026-07-05T10:42:04.125Z,irene.calvo,nuria.paredes,paula.benitez,17,
LOG202607050006,LOG,2026-07-05,6,LOG202607050006.log,1606,e6fb98b9df2bdcb6ed667e3e0ef5b1e30d09d72505abdc10417cbff484e01e15,text/plain; charset=utf-8,2026-07-05T06:44:51.036Z,2026-07-05T13:42:42.598Z,investigador.demo,paula.benitez,hector.lozano,19,
LOG202607060001,LOG,2026-07-06,1,LOG202607060001.log,3219,1cebd5132116a45a9f18b552dca7d6a896f5bbe12d0679f1be5e5a0377e90696,text/plain; charset=utf-8,2026-07-05T11:54:10.471Z,2026-07-06T02:37:34.777Z,irene.calvo,custodio.demo,paula.benitez,15,
LOG202607060002,LOG,2026-07-06,2,LOG202607060002.log,4199,c0885a02bbd0c3632d2368cbfafc2209f0ec6653c0ad80cbad0b3c9889378d8f,text/plain; charset=utf-8,2026-07-04T02:48:34.630Z,2026-07-06T09:20:48.386Z,irene.calvo,custodio.demo,paula.benitez,3,
LOG202607060003,LOG,2026-07-06,3,LOG202607060003.log,4007,93f8008ae899409603cc5e7a703fa12476c623d04de6528e23b15dba30682e86,text/plain; charset=utf-8,2026-07-05T02:14:00.493Z,2026-07-06T09:23:39.582Z,irene.calvo,oscar.villalba,oscar.villalba,13,
LOG202607060004,LOG,2026-07-06,4,LOG202607060004.log,1921,88886d0f5ba40b6361c6d47f9583d28a7161b1e20e062df44663fb6d57cc99b7,text/plain; charset=utf-8,2026-07-05T09:35:28.318Z,2026-07-06T09:43:49.455Z,irene.calvo,custodio.demo,paula.benitez,13,
LOG202607060005,LOG,2026-07-06,5,LOG202607060005.log,4844,ad8cf27548cf2ad1c36fafc2489d4812f8bcf91459c0394eb407c9c53d83012e,text/plain; charset=utf-8,2026-07-04T09:28:21.464Z,2026-07-06T16:17:21.633Z,investigador.demo,oscar.villalba,carmen.robles,5,
LOG202607070001,LOG,2026-07-07,1,LOG202607070001.log,1934,ac92dd10ae1c4017911f09c5aba34ce00dd4f70cdbc7cbbee330bdf56bb6fa9b,text/plain; charset=utf-8,2026-07-06T21:45:15.336Z,2026-07-07T00:26:00.183Z,irene.calvo,custodio.demo,hector.lozano,11,
LOG202607070002,LOG,2026-07-07,2,LOG202607070002.log,1761,b21dff3fb167afe92f395b12537961b3a4d570142186e0b065a79b4d8b5ea0f4,text/plain; charset=utf-8,2026-07-07T02:16:24.249Z,2026-07-07T04:47:08.355Z,irene.calvo,hector.lozano,nuria.paredes,17,
LOG202607070003,LOG,2026-07-07,3,LOG202607070003.log,4034,aee7840202d6e671b362358f7bba2b15195454758155386fd41980b622969b34,text/plain; charset=utf-8,2026-07-07T11:25:18.027Z,2026-07-07T20:02:56.094Z,martin.ochoa,custodio.demo,custodio.demo,1,
LOG202607080001,LOG,2026-07-08,1,LOG202607080001.log,1605,213a4c1ae1ea7e8bb151a9c22e3ee3a1bfb07102923f1c9e76b0a26fc1eda6f5,text/plain; charset=utf-8,2026-07-07T12:54:58.328Z,2026-07-08T09:34:18.631Z,investigador.demo,oscar.villalba,nuria.paredes,9,
LOG202607080002,LOG,2026-07-08,2,LOG202607080002.log,4008,f4fbe7610eee73c3d4d65b0757d12de0a997c9a3ce36c2c5d8cf03eb5343518c,text/plain; charset=utf-8,2026-07-07T08:27:28.505Z,2026-07-08T18:41:35.832Z,martin.ochoa,oscar.villalba,nuria.paredes,9,
LOG202607080003,LOG,2026-07-08,3,LOG202607080003.log,4168,72c715c74cfb389f88bebb4b0d3d093f48b7251da63ed1ce4b933cad607c555f,text/plain; charset=utf-8,2026-07-08T19:13:17.870Z,2026-07-08T23:54:22.649Z,martin.ochoa,nuria.paredes,carmen.robles,15,
LOG202607090001,LOG,2026-07-09,1,LOG202607090001.log,2749,d1e812d1fe14308d9afd46c2f91e47474f82adf95849fe6d7fff7c17f17b9743,text/plain; charset=utf-8,2026-07-08T16:09:22.941Z,2026-07-09T12:06:56.446Z,martin.ochoa,oscar.villalba,carmen.robles,7,
LOG202607090002,LOG,2026-07-09,2,LOG202607090002.log,2748,9ef9cb7cc1b12f116b0bf100db2c783b30d942006235cf527263ef587bef3e32,text/plain; charset=utf-8,2026-07-07T23:45:55.135Z,2026-07-09T18:28:58.630Z,martin.ochoa,oscar.villalba,custodio.demo,7,
LOG202607100001,LOG,2026-07-10,1,LOG202607100001.log,4351,51fc52505c15cedb6c7bcc2efa5eb2045cf500ae42d11d89a6b75db821022073,text/plain; charset=utf-8,2026-07-08T19:19:06.844Z,2026-07-10T09:58:32.238Z,martin.ochoa,hector.lozano,hector.lozano,19,
LOG202607100002,LOG,2026-07-10,2,LOG202607100002.log,2091,c4fdac862a95cc501933bc1db28c32f67ae09fb0b6611cdf7077350f643a7a51,text/plain; charset=utf-8,2026-07-08T13:38:07.116Z,2026-07-10T17:10:46.576Z,investigador.demo,carmen.robles,custodio.demo,7,
LOG202607110001,LOG,2026-07-11,1,LOG202607110001.log,3541,652c8e3407067108f4764ae3c74afe4742b83cecaca0bba5b92eb28793296ff9,text/plain; charset=utf-8,2026-07-10T16:32:52.366Z,2026-07-11T03:02:52.120Z,martin.ochoa,custodio.demo,custodio.demo,5,
LOG202607110002,LOG,2026-07-11,2,LOG202607110002.log,2425,6ada95b6d7c4723640ff63543d34207007225c0c01844723ae3f8ab58705b352,text/plain; charset=utf-8,2026-07-11T01:30:07.250Z,2026-07-11T06:08:59.981Z,irene.calvo,custodio.demo,paula.benitez,15,
LOG202607110003,LOG,2026-07-11,3,LOG202607110003.log,3692,45eb17b01c9fff6f6133288f540c2532c3a959dc2a8b8546ced862c89857ddb7,text/plain; charset=utf-8,2026-07-09T03:47:07.907Z,2026-07-11T18:54:56.692Z,martin.ochoa,nuria.paredes,oscar.villalba,5,
LOG202607110004,LOG,2026-07-11,4,LOG202607110004.log,3068,317d137b8d7e943f009366075bd4baef7eaaa27ed0dbea36889029d8c5b3bcd7,text/plain; charset=utf-8,2026-07-09T06:23:31.413Z,2026-07-11T20:25:58.767Z,irene.calvo,paula.benitez,carmen.robles,19,
LOG202607120001,LOG,2026-07-12,1,LOG202607120001.log,3377,39710e5cbd6e01a89f1bf619d88484a69a6b4911652cfbedbeee714fe383892f,text/plain; charset=utf-8,2026-07-11T02:34:15.214Z,2026-07-12T00:12:39.009Z,martin.ochoa,hector.lozano,paula.benitez,9,
LOG202607120002,LOG,2026-07-12,2,LOG202607120002.log,2739,82632e155584232bc6ee98a1ab3595183f982275575fe7f0d2413d7ca00e4152,text/plain; charset=utf-8,2026-07-11T21:10:26.694Z,2026-07-12T00:14:50.477Z,investigador.demo,nuria.paredes,nuria.paredes,3,
LOG202607120003,LOG,2026-07-12,3,LOG202607120003.log,4207,8f8d753e39e8416cd88ec3788f90b1d215d3f8083dd2b2d87864dae20eb474f5,text/plain; charset=utf-8,2026-07-11T04:25:23.803Z,2026-07-12T00:30:21.692Z,irene.calvo,carmen.robles,hector.lozano,17,
LOG202607120004,LOG,2026-07-12,4,LOG202607120004.log,1933,ac4d3c9951be667a5d805cd7f8111de0ef38b2569cd09b199eda3cbde58d700a,text/plain; charset=utf-8,2026-07-10T19:51:14.670Z,2026-07-12T00:41:39.077Z,investigador.demo,paula.benitez,oscar.villalba,19,
LOG202607120005,LOG,2026-07-12,5,LOG202607120005.log,2580,57ca747e63adce54f7ae77f2558d483d90eb8767fa4adf8a8442d4e78ac9e5e0,text/plain; charset=utf-8,2026-07-09T06:39:56.169Z,2026-07-12T00:58:22.770Z,investigador.demo,oscar.villalba,nuria.paredes,9,
LOG202607120006,LOG,2026-07-12,6,LOG202607120006.log,4843,c3d41567809204bc0196f2fccf4790ff1c75e14bd682c71f3c6b6d95b9496f41,text/plain; charset=utf-8,2026-07-10T12:57:24.934Z,2026-07-12T01:11:03.061Z,irene.calvo,carmen.robles,paula.benitez,7,
LOG202607120007,LOG,2026-07-12,7,LOG202607120007.log,1928,5a8686ab806e0724d194a7ce0eeddb3b186537cce97e2a79bb0f10cdf1164563,text/plain; charset=utf-8,2026-07-09T20:57:58.367Z,2026-07-12T01:53:32.930Z,irene.calvo,paula.benitez,oscar.villalba,13,
LOG202607120008,LOG,2026-07-12,8,LOG202607120008.log,1451,32c3f9d48c67d71462aeed327c9099bc6d0f5c26f30ab18c5eb67dbc85efbb29,text/plain; charset=utf-8,2026-07-10T00:41:57.176Z,2026-07-12T02:20:24.986Z,martin.ochoa,carmen.robles,carmen.robles,1,
LOG202607120009,LOG,2026-07-12,9,LOG202607120009.log,3196,9a9a30b92c26d6ce04b02ae5c1f0e85cbd423967667b73fd177f7482e15214d8,text/plain; charset=utf-8,2026-07-11T06:33:48.161Z,2026-07-12T03:12:05.532Z,martin.ochoa,custodio.demo,hector.lozano,9,
LOG202607120010,LOG,2026-07-12,10,LOG202607120010.log,4851,db789b96c6704eb80ba5db882486e7462a677a6e99ee19b227b895ec5050cb3b,text/plain; charset=utf-8,2026-07-09T19:07:27.529Z,2026-07-12T03:25:46.469Z,martin.ochoa,paula.benitez,oscar.villalba,3,
LOG202607120011,LOG,2026-07-12,11,LOG202607120011.log,3557,dbe98c89c6a5ee398007a9525fd946a18a270323ce5963661a3cccc4e20f9e8c,text/plain; charset=utf-8,2026-07-09T07:29:18.866Z,2026-07-12T03:58:21.590Z,investigador.demo,oscar.villalba,oscar.villalba,5,
LOG202607120012,LOG,2026-07-12,12,LOG202607120012.log,4169,883e994f0ffa5910c330dea999c23dc8029ba77296f28811240c41cdfbd93ff6,text/plain; charset=utf-8,2026-07-11T03:56:55.982Z,2026-07-12T04:00:54.974Z,investigador.demo,custodio.demo,hector.lozano,3,
LOG202607120013,LOG,2026-07-12,13,LOG202607120013.log,1934,fc381c40abc2a7cf634b60fea34641e39e3b6c97951dd8f85b18bd8ab92bb7bc,text/plain; charset=utf-8,2026-07-10T00:51:07.452Z,2026-07-12T04:28:47.112Z,investigador.demo,oscar.villalba,paula.benitez,15,
LOG202607120014,LOG,2026-07-12,14,LOG202607120014.log,2408,c6514b41f887e778db8691c3d66636b1e02dca1dab629c75a3ad73a8a99a98c5,text/plain; charset=utf-8,2026-07-10T14:40:43.331Z,2026-07-12T04:52:13.660Z,investigador.demo,nuria.paredes,carmen.robles,9,
LOG202607120015,LOG,2026-07-12,15,LOG202607120015.log,4007,86b37998d57c5c12c96fe715aa09295ce576ca602aaadf9a6f56060e51ac396c,text/plain; charset=utf-8,2026-07-11T13:49:11.536Z,2026-07-12T05:05:07.713Z,investigador.demo,oscar.villalba,hector.lozano,15,
LOG202607120016,LOG,2026-07-12,16,LOG202607120016.log,1280,1d505ac8fa6fa7066e995c95ac77ab0d88b079db120f969d6de6a0930db31d16,text/plain; charset=utf-8,2026-07-11T01:44:13.578Z,2026-07-12T05:19:03.120Z,irene.calvo,hector.lozano,paula.benitez,17,
LOG202607120017,LOG,2026-07-12,17,LOG202607120017.log,1613,ee6f020cec93ec182fb87dfa7a57e188d80345e7bc9f6a1fecf225e417632078,text/plain; charset=utf-8,2026-07-11T12:29:04.890Z,2026-07-12T05:47:43.043Z,irene.calvo,carmen.robles,carmen.robles,17,
LOG202607120018,LOG,2026-07-12,18,LOG202607120018.log,3867,97d90b286710309d49e8df095dd65dca7e07defdff5a06613a51dd5d2e9a5034,text/plain; charset=utf-8,2026-07-11T02:03:44.285Z,2026-07-12T06:18:21.700Z,irene.calvo,oscar.villalba,carmen.robles,17,
LOG202607120019,LOG,2026-07-12,19,LOG202607120019.log,1602,aea4ef23995d9874f9c80d11e0343f00d0149b4ac4d669a7c2dbc914a1b4fbd3,text/plain; charset=utf-8,2026-07-11T14:03:38.309Z,2026-07-12T06:28:47.284Z,irene.calvo,carmen.robles,oscar.villalba,13,
LOG202607120020,LOG,2026-07-12,20,LOG202607120020.log,3230,26b29d85071f186d2ff11b6a5ad9693b20f8bf5e5e2478da299ae4deb87d7223,text/plain; charset=utf-8,2026-07-11T06:51:25.797Z,2026-07-12T07:16:27.523Z,irene.calvo,oscar.villalba,carmen.robles,13,
LOG202607120021,LOG,2026-07-12,21,LOG202607120021.log,1600,206b3ef353a6903e1d71e66d343cced5623e0195a62b2887ec2515b1f709e54e,text/plain; charset=utf-8,2026-07-10T10:49:09.650Z,2026-07-12T08:05:36.121Z,investigador.demo,paula.benitez,paula.benitez,5,
LOG202607120022,LOG,2026-07-12,22,LOG202607120022.log,3672,da087380aec16b61e5a96346b30d45ffc78dbc6e02a0a9097ed261b92eda4e92,text/plain; charset=utf-8,2026-07-10T09:04:50.743Z,2026-07-12T08:36:33.913Z,investigador.demo,oscar.villalba,nuria.paredes,11,
LOG202607120023,LOG,2026-07-12,23,LOG202607120023.log,2254,d2a1e9e719118c77df1a59fcf3b6c9db80ccb6835aff869d953d60f39328c7ed,text/plain; charset=utf-8,2026-07-10T16:27:34.830Z,2026-07-12T09:26:28.952Z,investigador.demo,nuria.paredes,custodio.demo,15,
LOG202607120024,LOG,2026-07-12,24,LOG202607120024.log,1455,d7de8454dc8dd577a34a827e47fbe4cb1b25c6b1c98a5a8491a5fe4a3bb9a59f,text/plain; charset=utf-8,2026-07-09T15:43:28.667Z,2026-07-12T09:56:57.596Z,irene.calvo,oscar.villalba,paula.benitez,19,
LOG202607120025,LOG,2026-07-12,25,LOG202607120025.log,2729,abdad223843933ec2fc1dbbcfa5aac2550d05468341ec2c7b6f9f8fbe77cca9d,text/plain; charset=utf-8,2026-07-10T14:21:55.002Z,2026-07-12T11:05:23.091Z,irene.calvo,hector.lozano,oscar.villalba,15,
LOG202607120026,LOG,2026-07-12,26,LOG202607120026.log,3066,9ac4aaf0e39f038c33adb17e49da3e529231f903062b640d46caaab7e13e9d01,text/plain; charset=utf-8,2026-07-11T22:41:46.171Z,2026-07-12T11:43:34.735Z,investigador.demo,hector.lozano,oscar.villalba,17,
LOG202607120027,LOG,2026-07-12,27,LOG202607120027.log,1451,73fab5da097d87d27d3f27f8057ee602b78d407a249a4f36c0a69e0f2827d7d6,text/plain; charset=utf-8,2026-07-09T23:36:29.245Z,2026-07-12T12:20:42.873Z,irene.calvo,oscar.villalba,custodio.demo,7,
LOG202607120028,LOG,2026-07-12,28,LOG202607120028.log,4670,dc8cee17454de76694e40d7b3a97d76e375d1210272f7efffec7df6a1c5383a6,text/plain; charset=utf-8,2026-07-12T08:05:00.983Z,2026-07-12T12:27:00.681Z,investigador.demo,hector.lozano,nuria.paredes,7,
LOG202607120029,LOG,2026-07-12,29,LOG202607120029.log,4033,6f472fa564d9c9e1e56a1981eddc2c5dd543d5d88bf5c213bf009fd0e0904364,text/plain; charset=utf-8,2026-07-10T02:32:57.380Z,2026-07-12T13:24:37.886Z,investigador.demo,paula.benitez,custodio.demo,9,
LOG202607120030,LOG,2026-07-12,30,LOG202607120030.log,4835,b533eae118d99a640357ba02efa48c9fe547edd46ef245aede60ab26f33cadae,text/plain; charset=utf-8,2026-07-12T02:28:09.332Z,2026-07-12T13:26:49.750Z,irene.calvo,carmen.robles,custodio.demo,13,
LOG202607120031,LOG,2026-07-12,31,LOG202607120031.log,1766,f66e871a8a6671be9c8870c12f2ef76865209e76092bd38355d30cf5a213a239,text/plain; charset=utf-8,2026-07-10T09:13:13.357Z,2026-07-12T13:42:15.338Z,irene.calvo,hector.lozano,hector.lozano,3,
LOG202607120032,LOG,2026-07-12,32,LOG202607120032.log,2082,fc62fcf09686dff41777a33c7f281eb9f4d155396b5f42acf89c57cc35adb773,text/plain; charset=utf-8,2026-07-12T06:37:54.316Z,2026-07-12T14:05:13.139Z,irene.calvo,nuria.paredes,custodio.demo,3,
LOG202607120033,LOG,2026-07-12,33,LOG202607120033.log,2424,429d8dd2a7edcebcf8609a5a278b0f5bb01b0361ca2c5f7835730c223501bbf6,text/plain; charset=utf-8,2026-07-11T03:38:29.642Z,2026-07-12T14:36:07.999Z,irene.calvo,carmen.robles,oscar.villalba,15,
LOG202607120034,LOG,2026-07-12,34,LOG202607120034.log,4839,b01ec9a646f0ba517270abc6dfc2aa3a32674e53fc00c5e5f31a04c9d489b7f3,text/plain; charset=utf-8,2026-07-10T07:50:51.170Z,2026-07-12T15:07:16.776Z,irene.calvo,nuria.paredes,oscar.villalba,15,
LOG202607120035,LOG,2026-07-12,35,LOG202607120035.log,3059,f53e0f170db5d7c03683b90cb4a28d8bf65a137d4eb00098e5a9b299fc8348b4,text/plain; charset=utf-8,2026-07-09T19:24:01.928Z,2026-07-12T16:38:31.298Z,martin.ochoa,custodio.demo,carmen.robles,11,
LOG202607120036,LOG,2026-07-12,36,LOG202607120036.log,3544,09c03a2ef3b37c738ea526b9bd5d4b4bb3092b32c5af0a18ba6624ec92acae77,text/plain; charset=utf-8,2026-07-10T00:26:02.014Z,2026-07-12T18:19:50.142Z,martin.ochoa,carmen.robles,oscar.villalba,17,
LOG202607120037,LOG,2026-07-12,37,LOG202607120037.log,3553,6613d759f054b5d8661f942882b2e379c0a3c3119c049a1bd6e5aa5737159848,text/plain; charset=utf-8,2026-07-11T11:55:26.534Z,2026-07-12T18:49:36.768Z,martin.ochoa,carmen.robles,carmen.robles,1,
LOG202607120038,LOG,2026-07-12,38,LOG202607120038.log,3052,b2cf8170a4384c46b43bf1b52cb126849ab507c892f1b310f9afb554975322f6,text/plain; charset=utf-8,2026-07-11T02:11:04.084Z,2026-07-12T18:56:48.133Z,investigador.demo,oscar.villalba,oscar.villalba,1,
LOG202607120039,LOG,2026-07-12,39,LOG202607120039.log,3392,1a315e1b4e2768fc2342c9c8fd94e98510cb62da82cebf20df6b0714833fe691,text/plain; charset=utf-8,2026-07-12T13:21:45.323Z,2026-07-12T19:25:40.958Z,irene.calvo,paula.benitez,nuria.paredes,15,
LOG202607120040,LOG,2026-07-12,40,LOG202607120040.log,1614,0a89d8045e5a1bc5044bef0bd0f668108a31e96ac963bd9beaa227ec3ddae465,text/plain; charset=utf-8,2026-07-12T10:45:58.226Z,2026-07-12T19:36:33.974Z,martin.ochoa,hector.lozano,paula.benitez,17,
LOG202607120041,LOG,2026-07-12,41,LOG202607120041.log,4186,8679078d3baedd07f59c1f9302fed30c5184c7af07a6031395ba0dd50409f426,text/plain; charset=utf-8,2026-07-12T07:40:28.200Z,2026-07-12T19:46:11.178Z,investigador.demo,paula.benitez,carmen.robles,5,
LOG202607120042,LOG,2026-07-12,42,LOG202607120042.log,2421,40c002b53817c5d8f9c94f9fdc83bddcb95cb993ee5fdd7c664a2d475c4f28b6,text/plain; charset=utf-8,2026-07-10T20:51:03.214Z,2026-07-12T20:44:42.095Z,irene.calvo,nuria.paredes,hector.lozano,7,event-tampered
LOG202607120043,LOG,2026-07-12,43,LOG202607120043.log,2584,56e57f8ab5d07040fc7242f95b98b319751dd330af58b2f8f694634390db2d36,text/plain; charset=utf-8,2026-07-11T09:05:25.652Z,2026-07-12T20:50:42.031Z,irene.calvo,custodio.demo,paula.benitez,17,
LOG202607120044,LOG,2026-07-12,44,LOG202607120044.log,2747,b28dbd2076117e691e1ab0d06052ecd969f051cea05fcb6e11269d9c6dbcfbf5,text/plain; charset=utf-8,2026-07-10T21:15:50.808Z,2026-07-12T20:50:56.201Z,irene.calvo,custodio.demo,oscar.villalba,11,
LOG202607120045,LOG,2026-07-12,45,LOG202607120045.log,1290,2a35312d5ac590d808429b119c19237e549a53bf2854e3fe18196548cfcffbdc,text/plain; charset=utf-8,2026-07-12T03:15:07.053Z,2026-07-12T21:36:27.098Z,martin.ochoa,custodio.demo,custodio.demo,9,
LOG202607120046,LOG,2026-07-12,46,LOG202607120046.log,4200,31d3374ce5b73bf5c43806bafec530fd836ad25264f97b0ff1dd9ca86b7749dd,text/plain; charset=utf-8,2026-07-12T01:16:26.557Z,2026-07-12T21:40:38.857Z,martin.ochoa,custodio.demo,paula.benitez,7,
LOG202607120047,LOG,2026-07-12,47,LOG202607120047.log,2086,4afdf8d0ca662eb5ca98b7f32388593bd00b2f3d77fecd3f6ddaeb52607ea76e,text/plain; charset=utf-8,2026-07-12T17:23:42.365Z,2026-07-12T22:36:38.934Z,investigador.demo,custodio.demo,hector.lozano,13,
LOG202607120048,LOG,2026-07-12,48,LOG202607120048.log,3870,e8f56f1b99b8823c1ae791b44874ff12f37440b8856cc89377f0761476aecbf1,text/plain; charset=utf-8,2026-07-12T10:20:42.679Z,2026-07-12T22:50:07.371Z,martin.ochoa,nuria.paredes,custodio.demo,15,
LOG202607120049,LOG,2026-07-12,49,LOG202607120049.log,4204,ca6e9325a6f044c26050e6a3ec27002f29f9f05e921b2e07940dffca2dc0979e,text/plain; charset=utf-8,2026-07-10T11:31:14.593Z,2026-07-12T22:56:29.276Z,irene.calvo,paula.benitez,custodio.demo,3,
LOG202607120050,LOG,2026-07-12,50,LOG202607120050.log,4359,030bceae3e4063fbb57cc446196fb77d6d3a64bbd7709f402f4f7778f8ba2ca5,text/plain; charset=utf-8,2026-07-11T18:51:54.227Z,2026-07-12T23:00:37.587Z,martin.ochoa,carmen.robles,carmen.robles,11,
LOG202607130001,LOG,2026-07-13,1,LOG202607130001.log,3713,9e608a0bc620ec1e4f87250ec1a3485fcbc6d8c593d21453af1b6131a19a4a74,text/plain; charset=utf-8,2026-07-11T15:03:44.788Z,2026-07-13T07:31:12.076Z,investigador.demo,oscar.villalba,custodio.demo,19,
LOG202607130002,LOG,2026-07-13,2,LOG202607130002.log,2745,535ae0d77ca6ff4fa534387f42ce7c4332a7e5c346cf1af4deb0275c7931aeef,text/plain; charset=utf-8,2026-07-10T07:49:35.374Z,2026-07-13T07:37:41.794Z,investigador.demo,paula.benitez,paula.benitez,1,
LOG202607130003,LOG,2026-07-13,3,LOG202607130003.log,2257,15953ef0cd4706020874f9a3717c61ff6b315bdee380a4d81c1bf32077618129,text/plain; charset=utf-8,2026-07-11T12:26:51.250Z,2026-07-13T11:42:31.789Z,irene.calvo,oscar.villalba,paula.benitez,7,
LOG202607140001,LOG,2026-07-14,1,LOG202607140001.log,2906,8d40b1675d4acfb5da0cbd0cd5fa3636144316b65c40abf895b9bd515f8608c6,text/plain; charset=utf-8,2026-07-12T12:34:49.895Z,2026-07-14T03:11:11.642Z,investigador.demo,carmen.robles,nuria.paredes,9,
LOG202607140002,LOG,2026-07-14,2,LOG202607140002.log,4195,e926f2b86bef97b17fe24585f352edd4a98bfccc3924646d80fccc818120bf90,text/plain; charset=utf-8,2026-07-13T04:12:12.813Z,2026-07-14T06:27:57.748Z,irene.calvo,hector.lozano,nuria.paredes,17,
LOG202607140003,LOG,2026-07-14,3,LOG202607140003.log,4850,45c80e7a4a31ffc42adf100697ceb2d2baf14b4897e454fbb7bb10bcddc4b4e2,text/plain; charset=utf-8,2026-07-11T15:23:13.727Z,2026-07-14T10:19:57.925Z,investigador.demo,carmen.robles,carmen.robles,3,
LOG202607140004,LOG,2026-07-14,4,LOG202607140004.log,4674,a2921d0ffff91ec06621aa575c3b84bad8b41da1dfcf671473731f4399f07b0c,text/plain; charset=utf-8,2026-07-14T12:05:45.161Z,2026-07-14T12:26:23.881Z,investigador.demo,custodio.demo,oscar.villalba,7,
LOG202607140005,LOG,2026-07-14,5,LOG202607140005.log,3377,39368a00ef882bd6ccaf4467bf963622a3eb8c3253b1efaa1c446b2f5ac92778,text/plain; charset=utf-8,2026-07-12T17:49:37.945Z,2026-07-14T14:00:16.487Z,irene.calvo,hector.lozano,hector.lozano,5,
LOG202607140006,LOG,2026-07-14,6,LOG202607140006.log,2738,818263cc81f15b61b8b2f3f087429ad1b9f438750839cc0f2fbcb8ade0b4a0a2,text/plain; charset=utf-8,2026-07-13T04:57:24.686Z,2026-07-14T16:08:34.496Z,investigador.demo,paula.benitez,paula.benitez,17,
LOG202607140007,LOG,2026-07-14,7,LOG202607140007.log,2416,7d582737a985cf48be315b1c6e428e1288f5e2b83a3e30cdcf3fb62ca8080003,text/plain; charset=utf-8,2026-07-12T01:19:07.462Z,2026-07-14T16:21:27.894Z,investigador.demo,carmen.robles,oscar.villalba,19,
LOG202607140008,LOG,2026-07-14,8,LOG202607140008.log,4661,45bb5fd7564796ac9ad86d301e06a2fc301d7af6b951570ae9709944a81735f7,text/plain; charset=utf-8,2026-07-13T18:09:43.662Z,2026-07-14T19:17:56.178Z,irene.calvo,nuria.paredes,custodio.demo,19,
LOG202607150001,LOG,2026-07-15,1,LOG202607150001.log,4360,3af97d1dbe4e9d09f9c233f2b0227e44b271c2b199ebea6002caac1de819db76,text/plain; charset=utf-8,2026-07-13T17:10:31.789Z,2026-07-15T05:17:23.342Z,irene.calvo,paula.benitez,oscar.villalba,9,
LOG202607150002,LOG,2026-07-15,2,LOG202607150002.log,2256,4851fece01a9a5924f9d6e3ddae6883314414df3d4f118f2f65b09fa7fe5abf1,text/plain; charset=utf-8,2026-07-13T17:41:20.671Z,2026-07-15T14:51:34.769Z,investigador.demo,custodio.demo,custodio.demo,1,
LOG202607160001,LOG,2026-07-16,1,LOG202607160001.log,4828,a7eb4f706052be08af0ba9cce788fe0c6a1eeaea5c48aa1da54957657d3eee1b,text/plain; charset=utf-8,2026-07-14T03:03:54.814Z,2026-07-16T15:36:29.492Z,investigador.demo,oscar.villalba,hector.lozano,3,
LOG202607170001,LOG,2026-07-17,1,LOG202607170001.log,2908,1149bf6b1b887e14720c3526aa33f0d278e6bce70ad33c8852472985f78c5605,text/plain; charset=utf-8,2026-07-16T08:09:18.932Z,2026-07-17T01:36:18.760Z,investigador.demo,paula.benitez,oscar.villalba,7,
LOG202607170002,LOG,2026-07-17,2,LOG202607170002.log,4040,eea561e514447549b23c1a9c6d7978141aa51ed7cb15359ef6a76dd7d5b30ac5,text/plain; charset=utf-8,2026-07-16T13:07:38.314Z,2026-07-17T16:02:40.283Z,irene.calvo,paula.benitez,paula.benitez,7,
LOG202607180001,LOG,2026-07-18,1,LOG202607180001.log,1451,fcc8598cd3ef80fde6d5470a230c830ec44fa9943b2bdb8109d092ec0b15b1ee,text/plain; charset=utf-8,2026-07-15T15:34:44.194Z,2026-07-18T07:30:26.660Z,irene.calvo,oscar.villalba,carmen.robles,13,
LOG202607180002,LOG,2026-07-18,2,LOG202607180002.log,2733,463316771fe8a9fbd250a0fa8ff35ef7febd5d9f847b3522b0a0998a62c464a9,text/plain; charset=utf-8,2026-07-17T06:04:51.367Z,2026-07-18T12:44:25.456Z,investigador.demo,custodio.demo,oscar.villalba,9,
LOG202607180003,LOG,2026-07-18,3,LOG202607180003.log,2577,59b817b0dac3b2d3e4c2eda197da1addf1c48e998dc07965dc0bed346435ace5,text/plain; charset=utf-8,2026-07-17T21:02:21.113Z,2026-07-18T16:34:59.814Z,irene.calvo,nuria.paredes,carmen.robles,11,
LOG202607180004,LOG,2026-07-18,4,LOG202607180004.log,1936,c170a614a143cd18800f8e840a2873919ea5daacc674fb0e2099c5640390940e,text/plain; charset=utf-8,2026-07-17T02:29:37.531Z,2026-07-18T16:41:39.473Z,investigador.demo,paula.benitez,hector.lozano,3,
LOG202607180005,LOG,2026-07-18,5,LOG202607180005.log,4354,de9899627db3a964473e8755b5cbbb54f287a515f9570a879d0493887df87fc4,text/plain; charset=utf-8,2026-07-16T09:59:04.695Z,2026-07-18T21:44:27.484Z,martin.ochoa,nuria.paredes,oscar.villalba,15,
LOG202607190001,LOG,2026-07-19,1,LOG202607190001.log,3231,a64439d84178c6513a1da624037f4818932c028780319644b3c04fc6a0d741d2,text/plain; charset=utf-8,2026-07-17T20:40:01.636Z,2026-07-19T06:51:27.513Z,investigador.demo,oscar.villalba,oscar.villalba,1,
LOG202607190002,LOG,2026-07-19,2,LOG202607190002.log,3395,f508e54c4b0fefa9d5b576e965fc236f9834de8b372449688aacf15e5153eb28,text/plain; charset=utf-8,2026-07-19T10:12:15.880Z,2026-07-19T21:28:01.031Z,investigador.demo,oscar.villalba,nuria.paredes,15,
LOG202607200001,LOG,2026-07-20,1,LOG202607200001.log,4196,64e5b30174b03c13144a3116bab3cbed22d69edf5b64097aed958192b8c26a67,text/plain; charset=utf-8,2026-07-19T05:53:05.878Z,2026-07-20T07:35:41.093Z,investigador.demo,nuria.paredes,paula.benitez,3,
LOG202607200002,LOG,2026-07-20,2,LOG202607200002.log,3383,6f59cb4501ce904d154717f57d6e94f9a9c943fde466a4ad9e49ddd7e67c69b4,text/plain; charset=utf-8,2026-07-17T19:11:35.715Z,2026-07-20T09:13:15.834Z,irene.calvo,hector.lozano,custodio.demo,5,
LOG202607200003,LOG,2026-07-20,3,LOG202607200003.log,2417,f8cf0d224bc15b419f0df70b8769c50ff1b968d6caaa49b87a2a89cb517da061,text/plain; charset=utf-8,2026-07-20T05:56:01.415Z,2026-07-20T18:27:29.415Z,martin.ochoa,oscar.villalba,carmen.robles,17,
LOG202607200004,LOG,2026-07-20,4,LOG202607200004.log,1291,43d00fbce610049409859f1bafccb960b2bf3d32e2e01ee8457b56049f5c63f2,text/plain; charset=utf-8,2026-07-18T08:09:05.628Z,2026-07-20T20:52:00.968Z,irene.calvo,paula.benitez,paula.benitez,1,
LOG202607210001,LOG,2026-07-21,1,LOG202607210001.log,1612,995070074242c775aca4057846d518986b0e26f927183f8157b739f1c7d7ebd7,text/plain; charset=utf-8,2026-07-20T13:34:55.975Z,2026-07-21T01:38:22.969Z,investigador.demo,carmen.robles,paula.benitez,3,
LOG202607210002,LOG,2026-07-21,2,LOG202607210002.log,3063,0cccdb015ccafa53a84f39833912cb95d0ef78c860ab41ab163a006f023a2dbb,text/plain; charset=utf-8,2026-07-19T21:20:56.485Z,2026-07-21T07:15:29.565Z,irene.calvo,custodio.demo,oscar.villalba,13,
LOG202607210003,LOG,2026-07-21,3,LOG202607210003.log,4513,40dcbcb5cde9356417631fb2ff2209a0c8728e55e2b788559fed67386cb483a3,text/plain; charset=utf-8,2026-07-19T20:24:23.128Z,2026-07-21T09:03:45.615Z,irene.calvo,paula.benitez,oscar.villalba,15,
LOG202607210004,LOG,2026-07-21,4,LOG202607210004.log,3864,e74a9553b69edc4366ce95d868f26b4218c6aa3ed7533ea92c15a8a9e2ecadca,text/plain; charset=utf-8,2026-07-21T07:28:44.009Z,2026-07-21T10:13:56.717Z,investigador.demo,custodio.demo,custodio.demo,7,
LOG202607210005,LOG,2026-07-21,5,LOG202607210005.log,2908,96a2a32811d3629aec7bd71cbf9fd58bf608188a1a6d33d4573233216e5deae8,text/plain; charset=utf-8,2026-07-18T16:20:28.341Z,2026-07-21T11:16:08.195Z,martin.ochoa,carmen.robles,oscar.villalba,11,
LOG202607210006,LOG,2026-07-21,6,LOG202607210006.log,2749,153885a45376304330a977b8e69e5a033e20561ec93aad26f364acfb6ccd94d6,text/plain; charset=utf-8,2026-07-21T02:54:33.942Z,2026-07-21T13:34:26.914Z,irene.calvo,hector.lozano,carmen.robles,19,
LOG202607210007,LOG,2026-07-21,7,LOG202607210007.log,2744,0160955e524a5e7fdc1b23be0aa68f6d2fd9ac0cbc4cde2227b43c1b5c8d2775,text/plain; charset=utf-8,2026-07-18T18:25:48.953Z,2026-07-21T14:54:35.690Z,investigador.demo,oscar.villalba,oscar.villalba,11,
LOG202607210008,LOG,2026-07-21,8,LOG202607210008.log,1773,d031877991e25ce98b1209d101080dbe13a1fb21f588e35d54964c429e03b65f,text/plain; charset=utf-8,2026-07-19T10:27:20.990Z,2026-07-21T18:08:25.853Z,investigador.demo,paula.benitez,oscar.villalba,13,
LOG202607210009,LOG,2026-07-21,9,LOG202607210009.log,4821,2d2712dd7c33a313aa86421fc1d51bb172c1ff37cd986a64ad51ed98157e5dd1,text/plain; charset=utf-8,2026-07-19T21:04:13.329Z,2026-07-21T19:38:17.887Z,irene.calvo,paula.benitez,nuria.paredes,13,
LOG202607210010,LOG,2026-07-21,10,LOG202607210010.log,2897,a0ab33f3356684bafd465feb0a2ce1f1ee06c39a8e19514be0e984834e185a4e,text/plain; charset=utf-8,2026-07-21T18:20:02.793Z,2026-07-21T22:21:25.655Z,irene.calvo,custodio.demo,custodio.demo,1,
LOG202607220001,LOG,2026-07-22,1,LOG202607220001.log,3223,c1b7f3242435703afc784bb6c749ecaf08ec90f20b2cdf5c1bbb465b778873f5,text/plain; charset=utf-8,2026-07-22T08:53:56.337Z,2026-07-22T09:40:29.580Z,irene.calvo,paula.benitez,oscar.villalba,9,
LOG202607220002,LOG,2026-07-22,2,LOG202607220002.log,3362,007f4b5af2c262c62dcba5766e3886540ffce008944cede05487697e95ca3f1a,text/plain; charset=utf-8,2026-07-22T09:17:43.007Z,2026-07-22T15:51:53.357Z,investigador.demo,hector.lozano,custodio.demo,17,
LOG202607220003,LOG,2026-07-22,3,LOG202607220003.log,1777,fe4bb10fda629046a2782cb3c881ecbc67e860a067a9677a1a18b6668994549a,text/plain; charset=utf-8,2026-07-19T22:39:23.995Z,2026-07-22T21:54:43.310Z,martin.ochoa,hector.lozano,custodio.demo,3,
LOG202607230001,LOG,2026-07-23,1,LOG202607230001.log,1452,0357ad28baf11e9ec66b6151feecf85ce49cc83fb583a3d62bc33deb0d06c99a,text/plain; charset=utf-8,2026-07-20T14:16:34.274Z,2026-07-23T00:06:53.176Z,investigador.demo,custodio.demo,oscar.villalba,9,
LOG202607230002,LOG,2026-07-23,2,LOG202607230002.log,3228,efbd56ea5235b57159450c215b0acc0e7d1c5dfb8f0e4bdccce0879f91c73a01,text/plain; charset=utf-8,2026-07-22T08:36:22.307Z,2026-07-23T00:30:39.722Z,martin.ochoa,custodio.demo,custodio.demo,3,
LOG202607230003,LOG,2026-07-23,3,LOG202607230003.log,4357,5d6f52461ff586da842bc28885dd8a3b9e7742d6963a20ae916c0e403070b64f,text/plain; charset=utf-8,2026-07-22T01:59:09.353Z,2026-07-23T01:40:01.778Z,investigador.demo,hector.lozano,hector.lozano,1,
LOG202607230004,LOG,2026-07-23,4,LOG202607230004.log,4490,fb6cf54770e9e8c9d4e0a2ee9249a03faae0033007c61f4d5f6cd918d8a585a5,text/plain; charset=utf-8,2026-07-21T22:44:32.860Z,2026-07-23T04:28:56.299Z,investigador.demo,carmen.robles,carmen.robles,9,
LOG202607230005,LOG,2026-07-23,5,LOG202607230005.log,1618,ed375376b5329f9d3d6a517adbac0829d73c580d428e4e11a7e462456cb62f7d,text/plain; charset=utf-8,2026-07-21T15:00:21.041Z,2026-07-23T18:13:52.399Z,martin.ochoa,oscar.villalba,nuria.paredes,11,
LOG202607240001,LOG,2026-07-24,1,LOG202607240001.log,1290,c150f4c212e91bef5eb33cc93c203f73231d27320b9ecb932b1dcf58c4b5fc66,text/plain; charset=utf-8,2026-07-23T16:52:38.332Z,2026-07-24T11:00:54.511Z,martin.ochoa,oscar.villalba,carmen.robles,3,
LOG202607240002,LOG,2026-07-24,2,LOG202607240002.log,1124,2c8ea63e7f9b81036a6716c8fd73fe538cec9638d36b42488dd92854d5927b11,text/plain; charset=utf-8,2026-07-21T18:13:48.022Z,2026-07-24T18:04:45.611Z,irene.calvo,oscar.villalba,nuria.paredes,7,
LOG202607240003,LOG,2026-07-24,3,LOG202607240003.log,1134,46c6a6f7b0a459c506400c27025b382a923615307667c1a4578bc5604244c8ac,text/plain; charset=utf-8,2026-07-22T05:20:30.775Z,2026-07-24T22:41:04.458Z,irene.calvo,hector.lozano,hector.lozano,1,
LOG202607240004,LOG,2026-07-24,4,LOG202607240004.log,3696,90b67dc7911734319b25815e9e2dab6facebb28d76f8fdf974cb858863f78089,text/plain; charset=utf-8,2026-07-22T14:13:25.198Z,2026-07-24T23:18:57.032Z,irene.calvo,custodio.demo,oscar.villalba,11,
LOG202607250001,LOG,2026-07-25,1,LOG202607250001.log,3231,6b7d428282cbcc3f0dd4011200140b3ef0f0af384499622f9b23be9f3b335a9b,text/plain; charset=utf-8,2026-07-23T08:11:20.573Z,2026-07-25T05:42:17.739Z,irene.calvo,oscar.villalba,nuria.paredes,7,
LOG202607250002,LOG,2026-07-25,2,LOG202607250002.log,2730,89ac89ed8cd700d581ae8d3faec5ad6dcc10130deae198e08c5ef7dd79706ab1,text/plain; charset=utf-8,2026-07-23T17:45:21.096Z,2026-07-25T09:36:20.615Z,investigador.demo,custodio.demo,paula.benitez,5,
LOG202607250003,LOG,2026-07-25,3,LOG202607250003.log,3873,fc3a347ddf3b53affee6f5c39f0316f09137c71ac580bb5f6f6180d66c320bd0,text/plain; charset=utf-8,2026-07-24T02:12:15.394Z,2026-07-25T23:37:35.308Z,irene.calvo,hector.lozano,paula.benitez,15,
LOG202607260001,LOG,2026-07-26,1,LOG202607260001.log,5006,8e968dd1df5462364aec1cbce2d13bbd98975ff778e46e2f6cd731425d7ec6cd,text/plain; charset=utf-8,2026-07-24T06:45:13.004Z,2026-07-26T07:16:02.330Z,irene.calvo,nuria.paredes,paula.benitez,13,
LOG202607260002,LOG,2026-07-26,2,LOG202607260002.log,1456,c4a99ae10b9d6e7062ef52777bef6a96215f0532f7c085b71071f0ef0cd56021,text/plain; charset=utf-8,2026-07-23T15:51:34.497Z,2026-07-26T10:19:43.971Z,martin.ochoa,paula.benitez,custodio.demo,15,
LOG202607260003,LOG,2026-07-26,3,LOG202607260003.log,3386,b529f76bf03c930c73cf8fb1aad778d741502ed4cdeea6538c4fa5d338a18d5c,text/plain; charset=utf-8,2026-07-25T21:59:57.140Z,2026-07-26T19:52:11.644Z,irene.calvo,carmen.robles,paula.benitez,7,
LOG202607260004,LOG,2026-07-26,4,LOG202607260004.log,2908,b434d6ae9e67b9f184103f8831d778b8c18fa7779601d8036cf3e25898680993,text/plain; charset=utf-8,2026-07-24T09:21:36.670Z,2026-07-26T20:58:38.062Z,investigador.demo,carmen.robles,oscar.villalba,19,
LOG202607270001,LOG,2026-07-27,1,LOG202607270001.log,1107,1ca0eb24b35f056230fd7fc1d42be9d1b71fd40fe2ceb04b5cfd74d26837ed66,text/plain; charset=utf-8,2026-07-27T04:01:58.672Z,2026-07-27T11:58:24.187Z,irene.calvo,nuria.paredes,hector.lozano,15,accepted-late
LOG202607270002,LOG,2026-07-27,2,LOG202607270002.log,1131,3658ead5fafc450b072880822d8d64a42055ed38cc4263e5ade6aed036d557e5,text/plain; charset=utf-8,2026-07-27T07:19:28.145Z,2026-07-27T15:06:25.778Z,martin.ochoa,nuria.paredes,oscar.villalba,5,
LOG202607270003,LOG,2026-07-27,3,LOG202607270003.log,1126,16dd2e56f3c351154f39a709d1b9b439b010a40462eb3c587874447a309e6fbf,text/plain; charset=utf-8,2026-07-25T17:17:56.953Z,2026-07-27T17:47:04.768Z,martin.ochoa,custodio.demo,paula.benitez,17,
LOG202607280001,LOG,2026-07-28,1,LOG202607280001.log,4683,2b813ab64bfd9ddd73d5a472063664cdd222dac47c16d004c8197afbeb18dc1d,text/plain; charset=utf-8,2026-07-27T11:59:48.972Z,2026-07-28T09:52:29.701Z,investigador.demo,custodio.demo,carmen.robles,15,
LOG202607280002,LOG,2026-07-28,2,LOG202607280002.log,2094,e8ab9f088c8f3cee55837064745141106e110a32c16bc0148bcef4dd24e0abd5,text/plain; charset=utf-8,2026-07-27T14:14:58.765Z,2026-07-28T16:00:05.302Z,investigador.demo,oscar.villalba,oscar.villalba,9,
LOG202607280003,LOG,2026-07-28,3,LOG202607280003.log,4488,ab1180ecea4c136ebde0be5eb18032653251bb9296b1b80e35535f55fb61ac99,text/plain; charset=utf-8,2026-07-25T23:45:50.291Z,2026-07-28T17:47:10.129Z,irene.calvo,nuria.paredes,carmen.robles,3,
LOG202607280004,LOG,2026-07-28,4,LOG202607280004.log,2100,070df2f07c280de517e8d9c2bca8d636a0356c14cec1639b60097a2d63f6ba41,text/plain; charset=utf-8,2026-07-27T13:33:31.094Z,2026-07-28T21:38:51.895Z,irene.calvo,nuria.paredes,carmen.robles,3,
LOG202607290001,LOG,2026-07-29,1,LOG202607290001.log,4205,38a617e9b7f5267078c3d635714f1b2f5ea67f45583d1072ea753f40783154a6,text/plain; charset=utf-8,2026-07-27T03:57:06.936Z,2026-07-29T09:30:09.561Z,irene.calvo,hector.lozano,custodio.demo,9,
LOG202607290002,LOG,2026-07-29,2,LOG202607290002.log,1780,d7b55ad1e4d507afaad2fee04ce3898c78109f8b707212cefa9c43c3917081c6,text/plain; charset=utf-8,2026-07-28T12:29:17.829Z,2026-07-29T22:23:59.274Z,irene.calvo,hector.lozano,carmen.robles,7,
LOG202607300001,LOG,2026-07-30,1,LOG202607300001.log,1624,cce0e357c90e0ef4fa04dd937f41cc26b9a8c00b0dd3c484b710a38dd48b0692,text/plain; charset=utf-8,2026-07-29T07:33:30.212Z,2026-07-30T00:50:12.311Z,irene.calvo,hector.lozano,oscar.villalba,9,
LOG202607300002,LOG,2026-07-30,2,LOG202607300002.log,1774,47615087c2fb38dd3ba2249c7c50dcb1411f6477f443f1115228bf70d599a3a2,text/plain; charset=utf-8,2026-07-30T02:57:17.976Z,2026-07-30T05:51:46.693Z,martin.ochoa,nuria.paredes,oscar.villalba,7,
LOG202607300003,LOG,2026-07-30,3,LOG202607300003.log,1770,2009ceae80a2b7764f7f93eb8b28a7a5771afa0bdcc982d343ac017780ad9ec4,text/plain; charset=utf-8,2026-07-29T05:42:37.815Z,2026-07-30T10:11:16.762Z,investigador.demo,hector.lozano,paula.benitez,15,
LOG202607300004,LOG,2026-07-30,4,LOG202607300004.log,4033,4bd0db2c575d9f39dd3032db38f7cc14c443bb839e9c00f5d61baaab4cb4089e,text/plain; charset=utf-8,2026-07-28T20:19:37.052Z,2026-07-30T13:34:39.485Z,martin.ochoa,oscar.villalba,paula.benitez,13,
LOG202607300005,LOG,2026-07-30,5,LOG202607300005.log,4836,9c923c385d1e73c58ccf1fb9d08e745be405fbfd73393ec13e745ec125b31a3f,text/plain; charset=utf-8,2026-07-29T01:19:34.110Z,2026-07-30T14:23:34.712Z,investigador.demo,hector.lozano,hector.lozano,13,
LOG202607310001,LOG,2026-07-31,1,LOG202607310001.log,2437,9db6dc5d3493dd90efde86283860dbea8a1bb3aee04a2c741379a5a3c4c9e67c,text/plain; charset=utf-8,2026-07-29T01:30:36.043Z,2026-07-31T05:05:17.336Z,martin.ochoa,oscar.villalba,nuria.paredes,17,
LOG202607310002,LOG,2026-07-31,2,LOG202607310002.log,4020,99b230babb354c66607145a0c79db8a29f6c99609328f2422056c0b703badbfc,text/plain; charset=utf-8,2026-07-29T07:12:24.089Z,2026-07-31T07:31:00.188Z,martin.ochoa,oscar.villalba,hector.lozano,9,
LOG202607310003,LOG,2026-07-31,3,LOG202607310003.log,2732,7e285daa4f817ccd03f5de291ccf4a9004f0857490f39b360d075a5369176fd0,text/plain; charset=utf-8,2026-07-29T09:31:29.784Z,2026-07-31T15:58:09.878Z,martin.ochoa,paula.benitez,paula.benitez,2,
LOG202607310004,LOG,2026-07-31,4,LOG202607310004.log,4998,11dcb56cd5097c031e8f79c2fe37905d7c3f53bc1b7794f315e0bd90588233f2,text/plain; charset=utf-8,2026-07-30T14:11:50.300Z,2026-07-31T19:43:38.100Z,irene.calvo,carmen.robles,custodio.demo,11,
LOG202608010001,LOG,2026-08-01,1,LOG202608010001.log,3067,860cce2f366441200617be8ae56863509d72662bedf95b6b821ddebc0f39cc5e,text/plain; charset=utf-8,2026-07-30T21:10:49.599Z,2026-08-01T02:39:11.499Z,irene.calvo,hector.lozano,paula.benitez,17,
LOG202608010002,LOG,2026-08-01,2,LOG202608010002.log,4489,3384f54ec5ab9a5919443bb098699ab3a6cc282f442c7960789be8b68cf3e936,text/plain; charset=utf-8,2026-07-31T09:20:06.489Z,2026-08-01T04:42:57.994Z,irene.calvo,custodio.demo,carmen.robles,7,
LOG202608010003,LOG,2026-08-01,3,LOG202608010003.log,2588,0fe736d4e1189cb4c875ba8b4da092114beb6d42edd24ddcabc0623b28a1fb3a,text/plain; charset=utf-8,2026-08-01T00:32:18.481Z,2026-08-01T09:18:35.716Z,irene.calvo,paula.benitez,hector.lozano,3,
LOG202608010004,LOG,2026-08-01,4,LOG202608010004.log,3850,c30c4af4b12521f5196d14ebe048c35ba0aff6c911e2a42e0f8ed419f916b542,text/plain; charset=utf-8,2026-07-31T16:22:46.719Z,2026-08-01T10:50:41.398Z,martin.ochoa,oscar.villalba,carmen.robles,19,
LOG202608010005,LOG,2026-08-01,5,LOG202608010005.log,4333,671ad6a5d269e9a84bd5d2d31bcf446f7f80301a96de52b1f05b1759d39d3892,text/plain; charset=utf-8,2026-07-29T16:08:20.077Z,2026-08-01T15:45:38.338Z,martin.ochoa,hector.lozano,hector.lozano,1,
LOG202608010006,LOG,2026-08-01,6,LOG202608010006.log,2583,abd5a25748cb59b37262e90dc23f32bc171056444a7311fcfec4f7d5aa6ab762,text/plain; charset=utf-8,2026-07-29T17:42:11.961Z,2026-08-01T15:51:46.781Z,martin.ochoa,carmen.robles,custodio.demo,13,
LOG202608010007,LOG,2026-08-01,7,LOG202608010007.log,2588,b9d2ebf73044fc7521889d123002687e38d70726a156743039831ba83a7c3279,text/plain; charset=utf-8,2026-08-01T20:17:45.150Z,2026-08-01T23:37:05.339Z,investigador.demo,oscar.villalba,paula.benitez,7,accepted-late
LOG202608020001,LOG,2026-08-02,1,LOG202608020001.log,1618,96dfa9e5a8469c816e6e69bfb6a8d19291a0a150a6d9082791bc710988940945,text/plain; charset=utf-8,2026-08-01T14:44:02.371Z,2026-08-02T03:51:16.924Z,martin.ochoa,carmen.robles,paula.benitez,7,
LOG202608020002,LOG,2026-08-02,2,LOG202608020002.log,2729,166ad5ede37ebf3c4916f3c5d163cbdf09bcd094cd69fa98e4eeae6809890f12,text/plain; charset=utf-8,2026-08-01T20:01:47.551Z,2026-08-02T09:49:46.084Z,irene.calvo,custodio.demo,hector.lozano,7,
LOG202608020003,LOG,2026-08-02,3,LOG202608020003.log,4033,b6f4581c265a2edb714a71580d01aed4e1b0210a5bd31b91995869557abcfaef,text/plain; charset=utf-8,2026-08-01T08:38:30.228Z,2026-08-02T11:19:09.887Z,irene.calvo,paula.benitez,hector.lozano,5,
LOG202608020004,LOG,2026-08-02,4,LOG202608020004.log,2581,dc778f64b74e979f6a9d5f090f3df6beba127a9a4e80f44b36d9e76b680f459b,text/plain; charset=utf-8,2026-08-01T16:45:03.691Z,2026-08-02T12:16:51.550Z,irene.calvo,carmen.robles,hector.lozano,11,
LOG202608020005,LOG,2026-08-02,5,LOG202608020005.log,2580,b0ef0dfd7b0869e96bb3487012b1a4cecf97185bec54810e6fff38ac74c7b936,text/plain; charset=utf-8,2026-07-31T22:00:30.373Z,2026-08-02T15:22:05.460Z,martin.ochoa,carmen.robles,paula.benitez,19,
LOG202608020006,LOG,2026-08-02,6,LOG202608020006.log,3874,e69c766d3e77dd65c3a4242b099e4cb90bdc50a54a970e1cf32988e07d0ea517,text/plain; charset=utf-8,2026-08-01T05:15:10.635Z,2026-08-02T16:43:27.954Z,irene.calvo,custodio.demo,carmen.robles,9,
LOG202608020007,LOG,2026-08-02,7,LOG202608020007.log,1458,7cd06a971f41e8b3d2a1ff29a09cfe394ce1d6e3c84f89d55aea16d6b9ffaa8c,text/plain; charset=utf-8,2026-08-01T22:28:06.152Z,2026-08-02T18:19:30.081Z,investigador.demo,carmen.robles,carmen.robles,3,
LOG202608030001,LOG,2026-08-03,1,LOG202608030001.log,3712,6dfd455487ee6be52025ddd7449929e74dd13e184e2f68e40fba47142d420fff,text/plain; charset=utf-8,2026-07-31T03:49:35.092Z,2026-08-03T01:48:33.895Z,irene.calvo,custodio.demo,hector.lozano,19,
LOG202608030002,LOG,2026-08-03,2,LOG202608030002.log,1941,652f43d6cd27401a05b016617d88ccde1c9c494e762342c76106bfdba24a5007,text/plain; charset=utf-8,2026-08-03T07:30:15.603Z,2026-08-03T11:21:52.361Z,irene.calvo,hector.lozano,nuria.paredes,19,
LOG202608040001,LOG,2026-08-04,1,LOG202608040001.log,4675,e898f6f5ce11c7d1f960f261fbaa7abb9acadd639881c5483d9caa4bac7d32c0,text/plain; charset=utf-8,2026-08-02T22:16:55.064Z,2026-08-04T06:46:52.093Z,investigador.demo,paula.benitez,paula.benitez,17,
LOG202608040002,LOG,2026-08-04,2,LOG202608040002.log,3839,54f4cd695855c65f5f21813a9b8143724d982989afab1af95596a23d6c06ab51,text/plain; charset=utf-8,2026-08-04T05:09:17.617Z,2026-08-04T10:10:52.743Z,investigador.demo,hector.lozano,custodio.demo,17,
LOG202608040003,LOG,2026-08-04,3,LOG202608040003.log,2744,48f12be02dbd728501db9b707642e2550788104fa72e887e9542181aa4978abc,text/plain; charset=utf-8,2026-08-01T22:52:27.192Z,2026-08-04T11:21:44.280Z,martin.ochoa,nuria.paredes,nuria.paredes,1,
LOG202608040004,LOG,2026-08-04,4,LOG202608040004.log,3710,b96866353ad1195ca820b07191e2f72952b98cac5f34f71675f6dee4c54f862d,text/plain; charset=utf-8,2026-08-03T13:42:27.843Z,2026-08-04T12:35:35.438Z,irene.calvo,oscar.villalba,paula.benitez,5,
LOG202608040005,LOG,2026-08-04,5,LOG202608040005.log,2256,1271113243b31bec7d72b6e23ba8dd3cdea842562a6a29453e5fced0ef734731,text/plain; charset=utf-8,2026-08-02T23:57:51.385Z,2026-08-04T20:02:23.406Z,martin.ochoa,paula.benitez,oscar.villalba,13,
LOG202608040006,LOG,2026-08-04,6,LOG202608040006.log,3691,06c39f6b2bfaf45692b0230fafb641ae8355af3d05286f55e8027949cd46efab,text/plain; charset=utf-8,2026-08-02T02:34:16.219Z,2026-08-04T20:15:22.714Z,martin.ochoa,custodio.demo,oscar.villalba,11,
LOG202608050001,LOG,2026-08-05,1,LOG202608050001.log,1759,9ab1aa14eef8f20e2599984a507122ab50a9fff13d5b8efd4d79173ed3b413fb,text/plain; charset=utf-8,2026-08-03T03:30:38.231Z,2026-08-05T00:55:12.574Z,investigador.demo,carmen.robles,carmen.robles,1,
LOG202608050002,LOG,2026-08-05,2,LOG202608050002.log,1937,247e442589418c75306a0d5e95c824c75e4d400b8c2de52a12d68652725725ff,text/plain; charset=utf-8,2026-08-03T19:32:32.396Z,2026-08-05T07:09:40.893Z,investigador.demo,hector.lozano,oscar.villalba,17,
LOG202608050003,LOG,2026-08-05,3,LOG202608050003.log,3226,ac56181f10ca66bc07a1fb4b15a176854ec4eb44b667f35d74c1500278f1c934,text/plain; charset=utf-8,2026-08-05T20:29:17.394Z,2026-08-05T20:29:50.318Z,irene.calvo,carmen.robles,nuria.paredes,17,
LOG202608050004,LOG,2026-08-05,4,LOG202608050004.log,1614,8add4ac12d22c1c67a95ef5b48b0aacf7a837edbfbb5e170b672f408d178545c,text/plain; charset=utf-8,2026-08-03T04:56:22.351Z,2026-08-05T21:40:21.921Z,irene.calvo,nuria.paredes,oscar.villalba,3,
LOG202608060001,LOG,2026-08-06,1,LOG202608060001.log,2582,4efe0712245e51bd9b7be0e941f55a962fe29bd71c247000c665eea54edbef66,text/plain; charset=utf-8,2026-08-03T02:12:38.606Z,2026-08-06T01:01:20.106Z,martin.ochoa,nuria.paredes,nuria.paredes,1,
LOG202608060002,LOG,2026-08-06,2,LOG202608060002.log,2424,3a67decf71512daa3ba05b405df334e215085d2e64aaf07f44a2fe8be7f8fee4,text/plain; charset=utf-8,2026-08-05T23:55:42.548Z,2026-08-06T02:49:16.194Z,investigador.demo,oscar.villalba,hector.lozano,5,
LOG202608060003,LOG,2026-08-06,3,LOG202608060003.log,4039,010df0355d8e9fc345d792c20f939849dd619e6d0b1e0357623dd976aa0cca3b,text/plain; charset=utf-8,2026-08-05T12:09:04.752Z,2026-08-06T13:18:23.408Z,irene.calvo,nuria.paredes,carmen.robles,13,
LOG202608060004,LOG,2026-08-06,4,LOG202608060004.log,4687,5b09f2ecaec8f014e406c02d14b7bd6fa8a5b67408d0ad0d53e9812a3068f800,text/plain; charset=utf-8,2026-08-05T20:54:14.806Z,2026-08-06T13:19:38.268Z,irene.calvo,nuria.paredes,nuria.paredes,1,
LOG202608060005,LOG,2026-08-06,5,LOG202608060005.log,2099,4343f68653751045f31c127dbfd4bb68d99962ecae835ce409c79a476988ab69,text/plain; charset=utf-8,2026-08-06T10:50:53.374Z,2026-08-06T19:41:12.223Z,irene.calvo,custodio.demo,nuria.paredes,17,
LOG202608070001,LOG,2026-08-07,1,LOG202608070001.log,4509,a1e87d09dc1caac4c2e205458e5f66d9020010c35157348f1ac89ab0739c708c,text/plain; charset=utf-8,2026-08-06T22:52:26.670Z,2026-08-07T02:09:01.710Z,martin.ochoa,hector.lozano,hector.lozano,17,
LOG202608070002,LOG,2026-08-07,2,LOG202608070002.log,2409,ac8e4811db97e00a5d8cd43ea8dd4ec77ff98759e316fa6f3a6e788f9ea63628,text/plain; charset=utf-8,2026-08-06T17:51:18.750Z,2026-08-07T02:13:35.943Z,irene.calvo,oscar.villalba,paula.benitez,11,
LOG202608070003,LOG,2026-08-07,3,LOG202608070003.log,1935,68cfe1a4aec3e819dfb15dab2937030424bdbb04668dc21a5a4059c0b1c6253a,text/plain; charset=utf-8,2026-08-05T18:49:47.905Z,2026-08-07T03:42:22.121Z,irene.calvo,oscar.villalba,carmen.robles,3,
LOG202608070004,LOG,2026-08-07,4,LOG202608070004.log,4201,2212fc316158eb0b594ead3ec3effb269e59db630439ac8844d9898a931dffcf,text/plain; charset=utf-8,2026-08-05T05:22:56.081Z,2026-08-07T04:21:51.015Z,martin.ochoa,carmen.robles,paula.benitez,3,
LOG202608070005,LOG,2026-08-07,5,LOG202608070005.log,3394,330d571b3d41ececa23404616c714d81ee77036d8a8a5dfee0fa69bb89e9344d,text/plain; charset=utf-8,2026-08-06T00:16:03.058Z,2026-08-07T04:51:37.926Z,irene.calvo,oscar.villalba,paula.benitez,15,
LOG202608070006,LOG,2026-08-07,6,LOG202608070006.log,4682,39340deca138a4db73a216e34488ad6341bedf684823d06c32e38fc3b25f7f9d,text/plain; charset=utf-8,2026-08-04T16:55:43.181Z,2026-08-07T16:14:57.332Z,irene.calvo,paula.benitez,paula.benitez,1,
LOG202608080001,LOG,2026-08-08,1,LOG202608080001.log,2419,a825c572bea0736f55bbd2da59687c2cdf9ff8a3af9d91003393a11aea420ef1,text/plain; charset=utf-8,2026-08-06T14:02:00.378Z,2026-08-08T06:47:52.593Z,investigador.demo,oscar.villalba,oscar.villalba,19,
LOG202608080002,LOG,2026-08-08,2,LOG202608080002.log,4829,71d0762a460394970ce9c3cf4b9f160403f8c344786df9e7b3bd37c623a54d9c,text/plain; charset=utf-8,2026-08-05T15:22:01.035Z,2026-08-08T12:45:18.879Z,irene.calvo,hector.lozano,carmen.robles,13,
LOG202608080003,LOG,2026-08-08,3,LOG202608080003.log,4511,660d1acde2843e11ccb868d3a87589a8e16c525435e86a7b2cbbeb383ce98f91,text/plain; charset=utf-8,2026-08-07T02:25:31.786Z,2026-08-08T14:37:16.421Z,investigador.demo,oscar.villalba,hector.lozano,13,
LOG202608080004,LOG,2026-08-08,4,LOG202608080004.log,2582,a77f49f5a8a243c8f16dadfe45ef5337a3d581696ef44a16c5dfd58b62849f6e,text/plain; charset=utf-8,2026-08-07T23:03:30.108Z,2026-08-08T16:53:00.620Z,investigador.demo,nuria.paredes,oscar.villalba,5,
LOG202608080005,LOG,2026-08-08,5,LOG202608080005.log,1291,15c984f261b0a095c324e790d5037c42d3423cc8b806b7699f171b5defae7ad1,text/plain; charset=utf-8,2026-08-07T05:53:01.152Z,2026-08-08T22:22:40.695Z,martin.ochoa,nuria.paredes,hector.lozano,7,
LOG202608090001,LOG,2026-08-09,1,LOG202608090001.log,4641,bb46fd59b5d3ee23d71b7e18fe501124d85daadcb8f01b960dc06d9a1dfe8e99,text/plain; charset=utf-8,2026-08-06T10:18:35.777Z,2026-08-09T01:52:30.030Z,martin.ochoa,carmen.robles,carmen.robles,1,
LOG202608090002,LOG,2026-08-09,2,LOG202608090002.log,1451,b5f9da6eabd382cf0a07ab8fc2230f32a950752ed54457ece22f6d5a7c3f6bef,text/plain; charset=utf-8,2026-08-06T07:20:23.679Z,2026-08-09T05:24:34.322Z,investigador.demo,custodio.demo,oscar.villalba,9,
LOG202608090003,LOG,2026-08-09,3,LOG202608090003.log,3852,3551ff89472e4e350d69f440ccd8bde78759d9fe3435deff2768bd6b0868ff79,text/plain; charset=utf-8,2026-08-08T06:40:06.519Z,2026-08-09T07:21:24.917Z,investigador.demo,hector.lozano,nuria.paredes,17,
LOG202608090004,LOG,2026-08-09,4,LOG202608090004.log,1291,977bc3d9f46ecbc3d0a8346641739cbed8b86080a7ae137b992c5a52aa845a26,text/plain; charset=utf-8,2026-08-07T10:16:47.162Z,2026-08-09T16:12:09.137Z,martin.ochoa,hector.lozano,custodio.demo,3,
LOG202608090005,LOG,2026-08-09,5,LOG202608090005.log,3684,c5f8cf7fca0c6fa81d127570ef223a97bce6b05296be001445df518e588b4945,text/plain; charset=utf-8,2026-08-09T16:18:46.210Z,2026-08-09T17:51:45.990Z,martin.ochoa,custodio.demo,paula.benitez,3,
LOG202608090006,LOG,2026-08-09,6,LOG202608090006.log,3060,15cc0459d796c3d83a66837c5cba448521172155aa4b2c256265f2132038489b,text/plain; charset=utf-8,2026-08-08T18:23:19.628Z,2026-08-09T22:41:53.185Z,martin.ochoa,paula.benitez,nuria.paredes,9,
LOG202608100001,LOG,2026-08-10,1,LOG202608100001.log,3714,d61c8c481054c06a9f68ce99d3dddbef03cbacd9815786161f6ff2edf7b6d249,text/plain; charset=utf-8,2026-08-10T03:08:36.401Z,2026-08-10T04:41:34.247Z,investigador.demo,hector.lozano,paula.benitez,17,
LOG202608100002,LOG,2026-08-10,2,LOG202608100002.log,3382,efd8725739059b0f8d00113fe42831edb6caf6ee12402a015a7eb0824e8b2cf8,text/plain; charset=utf-8,2026-08-09T14:00:14.410Z,2026-08-10T10:54:45.077Z,martin.ochoa,oscar.villalba,oscar.villalba,11,
LOG202608100003,LOG,2026-08-10,3,LOG202608100003.log,1613,a30832ba2860a3495f22d9223120443dd508c5de2b0c342938249fd5a16d4747,text/plain; charset=utf-8,2026-08-10T01:49:10.473Z,2026-08-10T11:57:47.075Z,martin.ochoa,nuria.paredes,carmen.robles,7,
LOG202608100004,LOG,2026-08-10,4,LOG202608100004.log,3703,2db323869f5e305c1bc8af16bc00b7c69a08e39bc68752a0f1b0ad837e423ccc,text/plain; charset=utf-8,2026-08-09T17:16:22.890Z,2026-08-10T16:50:16.813Z,irene.calvo,custodio.demo,carmen.robles,3,
LOG202608110001,LOG,2026-08-11,1,LOG202608110001.log,4677,06352588ac8e7c7a975366ba1123384e7b96244a22709797f991c207a9af31a1,text/plain; charset=utf-8,2026-08-10T03:35:59.323Z,2026-08-11T10:04:50.109Z,martin.ochoa,hector.lozano,custodio.demo,9,
LOG202608110002,LOG,2026-08-11,2,LOG202608110002.log,4184,e345a1e905249031574b518e26c046b2dbbf14b3e0c0fcc44022d041c51a41a4,text/plain; charset=utf-8,2026-08-08T12:18:52.040Z,2026-08-11T10:11:46.884Z,investigador.demo,custodio.demo,custodio.demo,7,
LOG202608110003,LOG,2026-08-11,3,LOG202608110003.log,2265,17cdf4a807eba4c029d9d183c48c73ce4a817671ea4e72c7b4dbaf9c10a7ef6a,text/plain; charset=utf-8,2026-08-10T13:28:31.255Z,2026-08-11T11:38:36.090Z,irene.calvo,carmen.robles,paula.benitez,7,
LOG202608110004,LOG,2026-08-11,4,LOG202608110004.log,1446,76e69c1fbc2f70db7f6435932e6a3036846309da0ca8167a19aa282594110897,text/plain; charset=utf-8,2026-08-08T17:58:05.978Z,2026-08-11T15:32:04.578Z,martin.ochoa,hector.lozano,oscar.villalba,13,
LOG202608120001,LOG,2026-08-12,1,LOG202608120001.log,4672,b4f9a749ab66f040862d04716ee50b19cabfa08da1d5e4977836fdf5404ddc06,text/plain; charset=utf-8,2026-08-11T07:04:33.446Z,2026-08-12T08:49:44.944Z,irene.calvo,custodio.demo,paula.benitez,11,
LOG202608120002,LOG,2026-08-12,2,LOG202608120002.log,4848,f4c804c38b7b6d5a480372fb894940c15608584dc37db35087f0ab0fa57615e5,text/plain; charset=utf-8,2026-08-12T07:52:30.850Z,2026-08-12T13:31:43.961Z,irene.calvo,nuria.paredes,custodio.demo,9,
LOG202608120003,LOG,2026-08-12,3,LOG202608120003.log,1113,3c6265b23244ea0221d995dde89fe92d0fe4bc7c872cedc4740ade8d4ebd37b4,text/plain; charset=utf-8,2026-08-12T14:14:18.521Z,2026-08-12T16:33:24.080Z,irene.calvo,hector.lozano,hector.lozano,1,
LOG202608130001,LOG,2026-08-13,1,LOG202608130001.log,1283,7cc2421f020b6eacac28a7eeea1321f715cbb8c76b752aa70246a7dfd78cc4d9,text/plain; charset=utf-8,2026-08-11T15:28:31.521Z,2026-08-13T01:22:14.971Z,irene.calvo,custodio.demo,custodio.demo,11,
LOG202608130002,LOG,2026-08-13,2,LOG202608130002.log,2260,e56788b81449c5a0c34681fe889d4038883ee8366c933b9bc96341f45cc11575,text/plain; charset=utf-8,2026-08-10T16:36:50.881Z,2026-08-13T05:47:08.385Z,martin.ochoa,hector.lozano,hector.lozano,1,
LOG202608130003,LOG,2026-08-13,3,LOG202608130003.log,2882,27c4b2ff42e63b88bdd8e6a9661e6e71557369e0f905f1269df27a96a110a43e,text/plain; charset=utf-8,2026-08-11T16:58:11.492Z,2026-08-13T07:57:07.264Z,martin.ochoa,hector.lozano,custodio.demo,19,
LOG202608130004,LOG,2026-08-13,4,LOG202608130004.log,1125,ac4cee6479af3344aaa2e7af87f763b69e538280358e27385eb01a31767775e5,text/plain; charset=utf-8,2026-08-12T05:48:42.366Z,2026-08-13T10:02:22.834Z,martin.ochoa,hector.lozano,paula.benitez,9,
LOG202608130005,LOG,2026-08-13,5,LOG202608130005.log,3393,522799d9038574001eac09d5bf4c132df7f059946d7d2e37383a22bb377e9f6d,text/plain; charset=utf-8,2026-08-10T18:29:55.142Z,2026-08-13T12:51:38.620Z,martin.ochoa,nuria.paredes,nuria.paredes,1,
LOG202608130006,LOG,2026-08-13,6,LOG202608130006.log,4680,e64c5224a77575b628937c89848c7519cea9b0c2ba1e249cd4c88b1d02bf8f1d,text/plain; charset=utf-8,2026-08-13T10:46:47.027Z,2026-08-13T13:10:55.316Z,irene.calvo,paula.benitez,nuria.paredes,3,
LOG202608130007,LOG,2026-08-13,7,LOG202608130007.log,1281,7d07a53d57d97a46a13b5200551871e08177e9242f1c7e0e6c3656f8752fbb89,text/plain; charset=utf-8,2026-08-11T23:09:30.441Z,2026-08-13T17:53:45.525Z,investigador.demo,oscar.villalba,oscar.villalba,13,
LOG202608130008,LOG,2026-08-13,8,LOG202608130008.log,3053,38d4f3d200e319979e0542612a4248afb76b0e2d26ce479c77e883ffc165ffd4,text/plain; charset=utf-8,2026-08-13T14:47:49.702Z,2026-08-13T18:20:54.434Z,irene.calvo,paula.benitez,nuria.paredes,9,
LOG202608140001,LOG,2026-08-14,1,LOG202608140001.log,2568,919e9a80e891b408cbc16babfdcfda4b8e61ea9cddb56278f01bebc21fdcb122,text/plain; charset=utf-8,2026-08-11T19:23:17.990Z,2026-08-14T03:45:39.889Z,investigador.demo,carmen.robles,carmen.robles,5,
LOG202608140002,LOG,2026-08-14,2,LOG202608140002.log,2748,66eb180757188e97685a8ce25bc8df2bf98383c745cfb88ff0793ae6bdac00b0,text/plain; charset=utf-8,2026-08-12T12:23:13.550Z,2026-08-14T05:04:14.971Z,martin.ochoa,carmen.robles,hector.lozano,9,
LOG202608140003,LOG,2026-08-14,3,LOG202608140003.log,1609,0c08b35935ec096e7f434b9759fcfa9a2cb54cf6566e263a4b46cf0fae230e8a,text/plain; charset=utf-8,2026-08-14T00:26:36.153Z,2026-08-14T06:53:16.587Z,martin.ochoa,carmen.robles,nuria.paredes,9,
LOG202608140004,LOG,2026-08-14,4,LOG202608140004.log,3389,5e4b0245d678cf92bb5816849f86eb2a52474f18d4d9157656f960a35e1ce125,text/plain; charset=utf-8,2026-08-13T23:43:01.419Z,2026-08-14T08:14:23.629Z,investigador.demo,hector.lozano,custodio.demo,7,
LOG202608150001,LOG,2026-08-15,1,LOG202608150001.log,1933,d455ef47ee4db0e8c648581d94b94421a23fc9e3e8bb50f033d904922772e79d,text/plain; charset=utf-8,2026-08-12T10:19:03.226Z,2026-08-15T00:54:45.188Z,investigador.demo,carmen.robles,hector.lozano,9,
LOG202608150002,LOG,2026-08-15,2,LOG202608150002.log,3869,98d7af71ad5fbf7bbb8556796af4366ed355d747ce75f37d403de9d930f96bd4,text/plain; charset=utf-8,2026-08-12T18:02:25.059Z,2026-08-15T01:19:28.331Z,irene.calvo,nuria.paredes,custodio.demo,7,
LOG202608160001,LOG,2026-08-16,1,LOG202608160001.log,4510,b8f0fdc5017fff840016e98877119f2910652dbd93e41fd469f958c0ab01a029,text/plain; charset=utf-8,2026-08-14T03:49:35.698Z,2026-08-16T18:17:25.763Z,martin.ochoa,paula.benitez,hector.lozano,11,
LOG202608170001,LOG,2026-08-17,1,LOG202608170001.log,2587,e51e71930677ef5253f4779e8e6144fa1f5d8e12f29660d3f3f0f856e524a7de,text/plain; charset=utf-8,2026-08-14T13:53:00.978Z,2026-08-17T01:28:51.097Z,martin.ochoa,paula.benitez,nuria.paredes,7,
LOG202608170002,LOG,2026-08-17,2,LOG202608170002.log,4173,3fbec983014d927943db88f61b77308ff99c4e3e6026a25ec421c6a914cefad0,text/plain; charset=utf-8,2026-08-16T03:27:34.891Z,2026-08-17T13:37:59.079Z,investigador.demo,hector.lozano,custodio.demo,11,
LOG202608170003,LOG,2026-08-17,3,LOG202608170003.log,3385,1ce2f501acc232dd8b9aaa67f9f1ba2fd186bfa374e08cc4c00cec3397937584,text/plain; charset=utf-8,2026-08-16T00:08:58.804Z,2026-08-17T23:24:41.562Z,irene.calvo,carmen.robles,hector.lozano,15,
LOG202608180001,LOG,2026-08-18,1,LOG202608180001.log,1431,1881b17e1c40550447f0e3dde0640fdc2ac307da5acb0d9f8483d9ed3d3d253a,text/plain; charset=utf-8,2026-08-17T14:50:14.873Z,2026-08-18T10:59:47.528Z,irene.calvo,paula.benitez,carmen.robles,9,
LOG202608180002,LOG,2026-08-18,2,LOG202608180002.log,2742,0f176b662d902a4bfbde8f8bcbff97dcebcc404b4ef3ad550ca94e0fd0beab22,text/plain; charset=utf-8,2026-08-15T17:58:54.043Z,2026-08-18T11:17:37.726Z,investigador.demo,paula.benitez,paula.benitez,19,
LOG202608180003,LOG,2026-08-18,3,LOG202608180003.log,2102,cd203690920c4457281ce1c3c512c89f3ee786bb7990fae5734f5fe9af68033e,text/plain; charset=utf-8,2026-08-17T19:33:24.007Z,2026-08-18T23:45:52.963Z,investigador.demo,carmen.robles,hector.lozano,15,
LOG202608190001,LOG,2026-08-19,1,LOG202608190001.log,2426,a0fdd62cf1313917036514b9f565be83268b7d8b6ff5991ae62244493adac0f4,text/plain; charset=utf-8,2026-08-19T00:21:39.644Z,2026-08-19T04:07:41.702Z,investigador.demo,hector.lozano,oscar.villalba,5,
LOG202608190002,LOG,2026-08-19,2,LOG202608190002.log,1921,e974c7ce75ab1d33faff5e6155bc926ce2dc8fa7291ace7c4f38ebbe20436962,text/plain; charset=utf-8,2026-08-16T18:43:24.261Z,2026-08-19T05:47:39.729Z,investigador.demo,hector.lozano,oscar.villalba,9,
LOG202608190003,LOG,2026-08-19,3,LOG202608190003.log,4319,4bdee2ab7f624474a5937a623a7a701f2e99c2218b157728aba319dd0734ee02,text/plain; charset=utf-8,2026-08-17T07:29:54.490Z,2026-08-19T16:47:41.953Z,irene.calvo,custodio.demo,custodio.demo,7,
LOG202608190004,LOG,2026-08-19,4,LOG202608190004.log,2590,0f8490e04ccb67a310520ca34e700023505f916e20fd1ccc570e85c1d43612b8,text/plain; charset=utf-8,2026-08-17T06:03:11.823Z,2026-08-19T23:32:10.331Z,martin.ochoa,paula.benitez,carmen.robles,7,
LOG202608200001,LOG,2026-08-20,1,LOG202608200001.log,4199,54eab44ee6ebc32b2e22885219104672b5cc63d94403a268810f531598bdddbf,text/plain; charset=utf-8,2026-08-17T11:31:43.085Z,2026-08-20T03:29:28.417Z,investigador.demo,paula.benitez,custodio.demo,15,
LOG202608200002,LOG,2026-08-20,2,LOG202608200002.log,4499,d1c5f16509d43b1cb587f873623747b320c55c9f6bd781ecf4f3b9df120ce768,text/plain; charset=utf-8,2026-08-19T10:29:43.922Z,2026-08-20T05:18:12.030Z,martin.ochoa,oscar.villalba,nuria.paredes,3,
LOG202608200003,LOG,2026-08-20,3,LOG202608200003.log,4021,0c8ab221ecb091c6ab0e1a2391ad25bed7a6f4908be62401478fe18671122576,text/plain; charset=utf-8,2026-08-19T19:20:35.377Z,2026-08-20T17:45:43.193Z,investigador.demo,paula.benitez,paula.benitez,15,
LOG202608210001,LOG,2026-08-21,1,LOG202608210001.log,3065,8735aebb8f8a241ecae37d94f9c0adea4fbd98703a05c7cfe7c0d98a89d851d2,text/plain; charset=utf-8,2026-08-20T01:14:32.838Z,2026-08-21T15:05:29.695Z,irene.calvo,carmen.robles,carmen.robles,11,
LOG202608210002,LOG,2026-08-21,2,LOG202608210002.log,4529,8c3a8cd9f8d163b2adfbc43799374282eb51f5bd24f86234a2a55e68c83c6cbd,text/plain; charset=utf-8,2026-08-20T23:04:05.672Z,2026-08-21T18:21:45.626Z,investigador.demo,oscar.villalba,hector.lozano,19,
LOG202608210003,LOG,2026-08-21,3,LOG202608210003.log,2414,1e150eedceef552cb1fb9c30ef9e3ef5539ed92f1d032cc284cd5b4dc781b09c,text/plain; charset=utf-8,2026-08-19T15:16:18.436Z,2026-08-21T18:57:52.118Z,investigador.demo,oscar.villalba,custodio.demo,15,
LOG202608220001,LOG,2026-08-22,1,LOG202608220001.log,2245,adec137f04fc412385e5a564cd21b1fb6c65cdfb7a9518b36f2c8dfe110668ad,text/plain; charset=utf-8,2026-08-21T17:52:44.588Z,2026-08-22T05:03:41.199Z,investigador.demo,hector.lozano,nuria.paredes,19,
LOG202608220002,LOG,2026-08-22,2,LOG202608220002.log,3216,5118b27578b498a0efd53783a3e26631c3f5746a16f48ae5a92418c854f811d8,text/plain; charset=utf-8,2026-08-22T04:40:12.136Z,2026-08-22T09:07:11.771Z,irene.calvo,carmen.robles,carmen.robles,1,
LOG202608220003,LOG,2026-08-22,3,LOG202608220003.log,1604,aa35570e460b0b57f0f4f3c3c0a9ba9936e90b1ef091bc4140d480085d71fd74,text/plain; charset=utf-8,2026-08-19T17:35:22.861Z,2026-08-22T09:40:16.037Z,martin.ochoa,paula.benitez,nuria.paredes,17,
LOG202608220004,LOG,2026-08-22,4,LOG202608220004.log,3708,9197b1281badbf34ba0469efde662bc4861568510d67eadbcfa416fb0f1e75c6,text/plain; charset=utf-8,2026-08-21T03:44:37.933Z,2026-08-22T12:05:36.239Z,martin.ochoa,oscar.villalba,hector.lozano,5,
LOG202608220005,LOG,2026-08-22,5,LOG202608220005.log,4817,c708816f27e8fdf5293136c8f2ea08acc01cc897e64352d6ed741319519f144f,text/plain; charset=utf-8,2026-08-20T03:39:22.739Z,2026-08-22T13:15:39.564Z,irene.calvo,nuria.paredes,hector.lozano,17,
LOG202608220006,LOG,2026-08-22,6,LOG202608220006.log,1124,b4144a81cacd451bd4cdc71b476b0fb3fa3f986cbaf23422c04f70662e5300c2,text/plain; charset=utf-8,2026-08-22T04:48:05.324Z,2026-08-22T14:14:04.183Z,irene.calvo,hector.lozano,carmen.robles,19,
LOG202608220007,LOG,2026-08-22,7,LOG202608220007.log,1455,75a91a7cdcdd7c899f7848d37e5969e6965d23e749b709cc0b0635e6fa591f31,text/plain; charset=utf-8,2026-08-20T12:10:54.507Z,2026-08-22T22:14:20.398Z,irene.calvo,carmen.robles,paula.benitez,11,
LOG202608220008,LOG,2026-08-22,8,LOG202608220008.log,3394,1d57a4e42df5c42665d8283baf78fab29c93a3e40a3bf69ac5675b46994e087d,text/plain; charset=utf-8,2026-08-21T13:39:31.712Z,2026-08-22T22:34:03.524Z,investigador.demo,paula.benitez,hector.lozano,15,
LOG202608230001,LOG,2026-08-23,1,LOG202608230001.log,3213,e862a96d8c3cee266dbe65be6fbf27413be24bc5d424896ce4eb297999c1519c,text/plain; charset=utf-8,2026-08-23T11:57:00.178Z,2026-08-23T19:44:16.896Z,irene.calvo,carmen.robles,hector.lozano,17,
LOG202608240001,LOG,2026-08-24,1,LOG202608240001.log,1134,39b6301774f6ddd7cad434fc72a573fe3a78c980e6602715bfc5b4a3d9288a64,text/plain; charset=utf-8,2026-08-23T09:07:06.162Z,2026-08-24T11:45:28.572Z,irene.calvo,nuria.paredes,nuria.paredes,11,
LOG202608240002,LOG,2026-08-24,2,LOG202608240002.log,3548,1940a7eea01df282c9a3bce69f55d872d841706684d17e4d5999b3e6a19e031c,text/plain; charset=utf-8,2026-08-23T09:52:11.096Z,2026-08-24T16:53:29.516Z,martin.ochoa,paula.benitez,carmen.robles,5,
LOG202608250001,LOG,2026-08-25,1,LOG202608250001.log,4347,44147730c53dcd9f6107a11bd4b5daa43060e5b3abdf43eec2bacb55862c5297,text/plain; charset=utf-8,2026-08-22T18:33:10.469Z,2026-08-25T12:55:53.948Z,irene.calvo,hector.lozano,nuria.paredes,3,
LOG202608250002,LOG,2026-08-25,2,LOG202608250002.log,4648,d7955b0bddf155676701be2fce840ebc16b605ac3c30c52b22d5722aea43bd61,text/plain; charset=utf-8,2026-08-24T01:15:23.014Z,2026-08-25T18:25:40.107Z,investigador.demo,hector.lozano,paula.benitez,17,
LOG202608250003,LOG,2026-08-25,3,LOG202608250003.log,4679,65efc2fc5bf0d771a60d381a5c049a5a441e56ba89fceb8d7126de55d198f622,text/plain; charset=utf-8,2026-08-25T18:17:58.361Z,2026-08-25T22:18:52.381Z,investigador.demo,custodio.demo,nuria.paredes,19,
LOG202608260001,LOG,2026-08-26,1,LOG202608260001.log,4518,5c92337b54ed0f1041619eac65069e045a820206a9352ef6f687503ffd19dcc6,text/plain; charset=utf-8,2026-08-24T08:32:37.412Z,2026-08-26T11:31:40.553Z,irene.calvo,paula.benitez,oscar.villalba,11,
LOG202608260002,LOG,2026-08-26,2,LOG202608260002.log,1933,9d68a445a51f41f5938f7d608cf216ae42b40b6ae09c09dd20b2c9e41498a5cd,text/plain; charset=utf-8,2026-08-23T19:04:18.595Z,2026-08-26T11:37:40.291Z,investigador.demo,nuria.paredes,custodio.demo,13,
LOG202608260003,LOG,2026-08-26,3,LOG202608260003.log,1926,6f8651d65ba266c437baae9e332e3c1263ab75351eb5202cfc79b73d5e3f384a,text/plain; charset=utf-8,2026-08-24T18:38:55.613Z,2026-08-26T12:07:58.364Z,martin.ochoa,paula.benitez,nuria.paredes,7,
LOG202608260004,LOG,2026-08-26,4,LOG202608260004.log,3213,c41c550c639af31423cb07c7b484418ce79c48417f0938d67d3dfab134bc7e86,text/plain; charset=utf-8,2026-08-24T06:18:44.973Z,2026-08-26T14:52:55.980Z,investigador.demo,oscar.villalba,paula.benitez,17,
LOG202608270001,LOG,2026-08-27,1,LOG202608270001.log,3207,ab63e21c0677078854adeb2f5e11abc5832196e622c06aaa9bfeed709a85b5fc,text/plain; charset=utf-8,2026-08-25T03:30:29.864Z,2026-08-27T02:28:35.312Z,irene.calvo,paula.benitez,oscar.villalba,5,
LOG202608270002,LOG,2026-08-27,2,LOG202608270002.log,2571,790830ac633a14487b2644caed4df3647e9a6f8cdce5c84e15e1bb02024aca66,text/plain; charset=utf-8,2026-08-24T20:43:05.913Z,2026-08-27T08:22:57.153Z,martin.ochoa,paula.benitez,custodio.demo,9,
LOG202608270003,LOG,2026-08-27,3,LOG202608270003.log,3717,f6c48097708ece45e8cdfcbeaef0f8447c1dda2875ab9adbc0de7c3a01281d10,text/plain; charset=utf-8,2026-08-25T08:28:15.448Z,2026-08-27T09:45:25.105Z,irene.calvo,paula.benitez,paula.benitez,1,
LOG202608270004,LOG,2026-08-27,4,LOG202608270004.log,1774,05f2875d14856a0db09af59565fe7457cdd06429b3a7e7c806c9d5cdf23da975,text/plain; charset=utf-8,2026-08-25T08:11:24.510Z,2026-08-27T15:09:28.117Z,investigador.demo,nuria.paredes,paula.benitez,3,
LOG202608270005,LOG,2026-08-27,5,LOG202608270005.log,2248,ef603d0700f23a1c5becde0cdc7d57006896ca6773d265ae1caf48b158c1da15,text/plain; charset=utf-8,2026-08-26T08:02:13.816Z,2026-08-27T17:12:09.471Z,martin.ochoa,custodio.demo,custodio.demo,9,
LOG202608270006,LOG,2026-08-27,6,LOG202608270006.log,3064,66bdbd18e32f7cb89892301507639fd1c158240be3015c40ab9cf9553f5f2faa,text/plain; charset=utf-8,2026-08-27T00:44:39.367Z,2026-08-27T18:26:49.282Z,investigador.demo,carmen.robles,paula.benitez,13,
LOG202608270007,LOG,2026-08-27,7,LOG202608270007.log,3384,78583682b2566ae8a5d84769952569eaf39571c0466a3f31ac735ed022c13437,text/plain; charset=utf-8,2026-08-27T19:29:00.533Z,2026-08-27T19:29:23.201Z,martin.ochoa,paula.benitez,oscar.villalba,3,
LOG202608270008,LOG,2026-08-27,8,LOG202608270008.log,1611,ecdca5e8ada287314275ba97d48e5137d0494ddbf481911f9e346fcc7143b906,text/plain; charset=utf-8,2026-08-27T02:32:38.952Z,2026-08-27T20:08:46.034Z,irene.calvo,oscar.villalba,paula.benitez,3,
LOG202608270009,LOG,2026-08-27,9,LOG202608270009.log,4352,3163144ecf47efd9e683ec3d64dc6539f647094563f29487791b00c069da3d53,text/plain; charset=utf-8,2026-08-27T02:13:08.414Z,2026-08-27T22:21:08.642Z,martin.ochoa,hector.lozano,carmen.robles,9,
LOG202608280001,LOG,2026-08-28,1,LOG202608280001.log,3228,02ff54f78d746fdc7e3c3053e9e34711a3945dd9d9216edf0d46dda6b21d9eca,text/plain; charset=utf-8,2026-08-27T21:02:07.644Z,2026-08-28T13:05:11.589Z,martin.ochoa,carmen.robles,oscar.villalba,7,
LOG202608280002,LOG,2026-08-28,2,LOG202608280002.log,4517,88da180318ad7e6a4cb54c12156c8445da9941e2115f3ba0eeb766b011efd50c,text/plain; charset=utf-8,2026-08-26T15:51:41.148Z,2026-08-28T15:59:23.982Z,investigador.demo,nuria.paredes,custodio.demo,13,
LOG202608290001,LOG,2026-08-29,1,LOG202608290001.log,4034,a271ce6d236d216c5fe6230d274d2fc4e2d2dee0618d5d66e28ec6b9c9f4826d,text/plain; charset=utf-8,2026-08-26T18:58:46.835Z,2026-08-29T15:13:53.844Z,irene.calvo,carmen.robles,custodio.demo,11,
LOG202608290002,LOG,2026-08-29,2,LOG202608290002.log,2096,4dbf7fefd156651af03c18895a3e55f9549301f66e562a41280dfa5328664f44,text/plain; charset=utf-8,2026-08-28T19:45:02.119Z,2026-08-29T15:33:44.109Z,martin.ochoa,paula.benitez,paula.benitez,1,
LOG202608290003,LOG,2026-08-29,3,LOG202608290003.log,3556,204ef882e5035ea6d7b3c9fb0df1d160f8edd41c3720d179e04272fb740b32ce,text/plain; charset=utf-8,2026-08-27T10:58:50.389Z,2026-08-29T20:26:38.957Z,martin.ochoa,carmen.robles,nuria.paredes,19,
LOG202608300001,LOG,2026-08-30,1,LOG202608300001.log,4356,fa99ff5a11c73d22d0b596e7973cc952a95fa9a4420cba47e67f0c6dac3a5d3f,text/plain; charset=utf-8,2026-08-29T16:17:33.041Z,2026-08-30T05:15:16.327Z,irene.calvo,custodio.demo,hector.lozano,10,
LOG202608300002,LOG,2026-08-30,2,LOG202608300002.log,1132,33cd45cc67cdb86a40040eb4de9d58c2d890fc72b22af75ef92d929dfb424565,text/plain; charset=utf-8,2026-08-27T13:26:52.956Z,2026-08-30T05:25:06.957Z,irene.calvo,custodio.demo,oscar.villalba,9,
LOG202608300003,LOG,2026-08-30,3,LOG202608300003.log,3224,72dbcaa010b798f1f845610485921258621c265606c09dafae3218a7f59def91,text/plain; charset=utf-8,2026-08-29T09:14:56.842Z,2026-08-30T06:14:38.829Z,irene.calvo,nuria.paredes,nuria.paredes,1,
LOG202608300004,LOG,2026-08-30,4,LOG202608300004.log,4171,9d5f1e0415ce49dfddacc5dd8acc3e8b49ae590c8bb6509c07c18297f339b85e,text/plain; charset=utf-8,2026-08-30T04:11:23.301Z,2026-08-30T07:26:05.032Z,investigador.demo,paula.benitez,paula.benitez,1,
LOG202608300005,LOG,2026-08-30,5,LOG202608300005.log,3870,d7695b806c951a5604fd9b07b31f662768a665c7a981bf1090d4364e6d61b63c,text/plain; charset=utf-8,2026-08-28T02:03:38.462Z,2026-08-30T16:29:55.288Z,irene.calvo,oscar.villalba,paula.benitez,3,
LOG202608310001,LOG,2026-08-31,1,LOG202608310001.log,1289,59c83f11343100271a38504ba49ad101240c172f22a050c9ff9e0ecc230d05e9,text/plain; charset=utf-8,2026-08-29T22:29:48.654Z,2026-08-31T11:43:56.923Z,investigador.demo,oscar.villalba,custodio.demo,9,
LOG202608310002,LOG,2026-08-31,2,LOG202608310002.log,1614,000aacfd88c31556154533e72cdcf73ffd60836d801ba323c03cb5b392802c57,text/plain; charset=utf-8,2026-08-28T13:50:21.152Z,2026-08-31T11:52:54.932Z,martin.ochoa,hector.lozano,nuria.paredes,3,
LOG202608310003,LOG,2026-08-31,3,LOG202608310003.log,2420,767f976b989ae2264dcdb951b1a977d59d31f9336f0c5ba32850b7e857492735,text/plain; charset=utf-8,2026-08-29T14:01:09.782Z,2026-08-31T13:27:41.697Z,irene.calvo,custodio.demo,custodio.demo,19,
LOG202608310004,LOG,2026-08-31,4,LOG202608310004.log,4199,a59c95638f0aca1e316bde6303dec76eb332ba2edbca11fec7c8c667707c6ad1,text/plain; charset=utf-8,2026-08-29T18:06:48.589Z,2026-08-31T19:11:04.132Z,martin.ochoa,paula.benitez,hector.lozano,5,
LOG202608310005,LOG,2026-08-31,5,LOG202608310005.log,2240,8c1e220fe06e80c041459aa38b30e17af34063d407973dc6db7e911ff47d2adc,text/plain; charset=utf-8,2026-08-31T13:20:15.008Z,2026-08-31T19:51:21.190Z,irene.calvo,hector.lozano,custodio.demo,7,
LOG202608310006,LOG,2026-08-31,6,LOG202608310006.log,1280,5efab3cda9d2801c7dddc5e83549ab016a9d137a594db4f1438880649316072c,text/plain; charset=utf-8,2026-08-30T19:59:45.089Z,2026-08-31T23:10:55.559Z,irene.calvo,custodio.demo,custodio.demo,1,
LOG202609010001,LOG,2026-09-01,1,LOG202609010001.log,3709,f6eb1276a4dd55df9ca2082c0a8ec3d6faf1bf5604be8fb06fc60c1a5892bc71,text/plain; charset=utf-8,2026-08-30T16:40:58.342Z,2026-09-01T01:31:03.050Z,martin.ochoa,paula.benitez,hector.lozano,19,
LOG202609010002,LOG,2026-09-01,2,LOG202609010002.log,4206,a9f8ce0191b9abe7bfb2113322353b918121b16dc3310457a71eecf64fb2abec,text/plain; charset=utf-8,2026-08-29T23:16:45.939Z,2026-09-01T02:11:24.774Z,irene.calvo,hector.lozano,oscar.villalba,3,
LOG202609010003,LOG,2026-09-01,3,LOG202609010003.log,2266,0a1a2ca4f221fc7b53a0931cd58c5beb38d79b197872e8b7ceae49e7654f879f,text/plain; charset=utf-8,2026-08-29T13:04:01.222Z,2026-09-01T05:41:24.600Z,martin.ochoa,oscar.villalba,nuria.paredes,19,
LOG202609010004,LOG,2026-09-01,4,LOG202609010004.log,1615,f00584e7f6bb79d462cf47646b53a8aeb61a0451e46108bb3b4cf9b36499fad7,text/plain; charset=utf-8,2026-09-01T11:16:58.634Z,2026-09-01T18:23:27.610Z,martin.ochoa,custodio.demo,carmen.robles,15,
LOG202609010005,LOG,2026-09-01,5,LOG202609010005.log,2097,11dd92898e81980c75b1c1d2c6e75cb06528da5cf720761ecdc881be41d869fc,text/plain; charset=utf-8,2026-09-01T12:33:09.876Z,2026-09-01T21:26:00.246Z,investigador.demo,hector.lozano,hector.lozano,1,
LOG202609020001,LOG,2026-09-02,1,LOG202609020001.log,3705,ad8d80e7d8ac328f6975316d4d2e7a1c7284a222c7fe1a2d6c846fcb65f3ac5e,text/plain; charset=utf-8,2026-09-01T19:19:40.306Z,2026-09-02T05:29:23.458Z,martin.ochoa,oscar.villalba,nuria.paredes,19,
LOG202609020002,LOG,2026-09-02,2,LOG202609020002.log,1780,208886ede7bfcdf324bd13357970d73c393b5600f3e76c732a53420dec8593c5,text/plain; charset=utf-8,2026-09-01T23:40:12.435Z,2026-09-02T13:16:14.807Z,investigador.demo,hector.lozano,nuria.paredes,19,
LOG202609030001,LOG,2026-09-03,1,LOG202609030001.log,1776,922edd5e6e0fa4ce66700a66623637be82e41eaddb6925ff388093d3c8f8342c,text/plain; charset=utf-8,2026-09-01T12:59:02.967Z,2026-09-03T01:05:17.442Z,martin.ochoa,paula.benitez,custodio.demo,11,
LOG202609030002,LOG,2026-09-03,2,LOG202609030002.log,4197,ac07c22f4ed4836a687f148e6903c74f31cb64532075d6186b7c43a0de9efd54,text/plain; charset=utf-8,2026-09-02T23:15:41.543Z,2026-09-03T01:50:06.820Z,irene.calvo,paula.benitez,hector.lozano,19,
LOG202609030003,LOG,2026-09-03,3,LOG202609030003.log,1300,94424d80c0ee08daafb5d52c2a4c6993f0a875bd1a703278dce2f8bbe608479a,text/plain; charset=utf-8,2026-08-31T09:28:20.341Z,2026-09-03T01:52:14.444Z,investigador.demo,carmen.robles,paula.benitez,5,
LOG202609030004,LOG,2026-09-03,4,LOG202609030004.log,3715,cb2ef1cd013f977a5f0a479f2e46ad1903efb76956552027f2b195ef7f8717ed,text/plain; charset=utf-8,2026-08-31T04:55:35.912Z,2026-09-03T03:19:26.486Z,martin.ochoa,paula.benitez,paula.benitez,7,
LOG202609030005,LOG,2026-09-03,5,LOG202609030005.log,3702,4f4cf8a72931a32b1bdc345bf1b1d12733f3a34af614dc910ad09c0b33a493e7,text/plain; charset=utf-8,2026-08-31T15:43:38.851Z,2026-09-03T13:16:27.560Z,investigador.demo,oscar.villalba,nuria.paredes,5,
LOG202609030006,LOG,2026-09-03,6,LOG202609030006.log,2890,829b7d7e909df0d7f2cb2cf8b8aa8f2efc13d9b9d983b0c4e0060cf99467a720,text/plain; charset=utf-8,2026-09-02T11:26:21.697Z,2026-09-03T18:03:35.898Z,irene.calvo,hector.lozano,hector.lozano,1,
LOG202609030007,LOG,2026-09-03,7,LOG202609030007.log,4197,6af727d1a7ded38007e47570e7a983f911c2a279dc80a12ae64c9c1c6d91911d,text/plain; charset=utf-8,2026-09-03T06:14:05.143Z,2026-09-03T20:45:18.552Z,irene.calvo,hector.lozano,carmen.robles,20,overdue-transfer
LOG202609030008,LOG,2026-09-03,8,LOG202609030008.log,4362,f47be80094f2ea5cef21c2e0ab7735f4e1d1be401eee2f29fb9e9dec49c2d9d2,text/plain; charset=utf-8,2026-09-02T12:00:40.572Z,2026-09-03T20:51:04.057Z,irene.calvo,hector.lozano,oscar.villalba,7,
LOG202609030009,LOG,2026-09-03,9,LOG202609030009.log,3067,c22a41d1cf6699dd2cf7169853068b3a538463ccb83cd232fcb870c4ede3a9fd,text/plain; charset=utf-8,2026-09-03T21:05:14.163Z,2026-09-03T23:21:44.528Z,investigador.demo,paula.benitez,paula.benitez,11,
LOG202609040001,LOG,2026-09-04,1,LOG202609040001.log,4690,ee60f5242a75e47d9e2f6245fbe75aa384fab2563811197c5757c6185b87c697,text/plain; charset=utf-8,2026-09-04T12:28:56.442Z,2026-09-04T14:57:02.115Z,investigador.demo,custodio.demo,hector.lozano,7,
LOG202609050001,LOG,2026-09-05,1,LOG202609050001.log,4975,80a3a021176e5a130c8f9f817985b452c6990b741eac8746c10d3f8fd9273a13,text/plain; charset=utf-8,2026-09-03T11:11:24.783Z,2026-09-05T07:36:26.412Z,irene.calvo,custodio.demo,oscar.villalba,19,
LOG202609060001,LOG,2026-09-06,1,LOG202609060001.log,1919,9ceef3adee03a1cd411c09f94dadf5760a849b5b498334a3c883e6280395b40f,text/plain; charset=utf-8,2026-09-05T11:02:43.010Z,2026-09-06T00:51:09.762Z,irene.calvo,hector.lozano,paula.benitez,9,
LOG202609060002,LOG,2026-09-06,2,LOG202609060002.log,1610,6b25647fda887bc82de50d70f1d372f598b435e0d8e2c860e15ff83707d00bc9,text/plain; charset=utf-8,2026-09-06T09:07:55.991Z,2026-09-06T11:36:21.012Z,martin.ochoa,custodio.demo,paula.benitez,3,
LOG202609070001,LOG,2026-09-07,1,LOG202609070001.log,4035,a556d0df1f4777c96ab5ab1be444c7c83a401a592af456e7f9d76efa091fb7d7,text/plain; charset=utf-8,2026-09-04T05:31:59.994Z,2026-09-07T00:14:16.583Z,martin.ochoa,oscar.villalba,carmen.robles,15,
LOG202609070002,LOG,2026-09-07,2,LOG202609070002.log,2102,123e538ea3da62d991eb31bcfed1b5558e40b6c10a43588ddbb80a1da6c210c3,text/plain; charset=utf-8,2026-09-05T15:55:29.924Z,2026-09-07T01:09:23.500Z,irene.calvo,hector.lozano,hector.lozano,17,
LOG202609070003,LOG,2026-09-07,3,LOG202609070003.log,2391,643c8a0b038791da7974af2dfb918c7fb555822a258697314df9c2b2254c0166,text/plain; charset=utf-8,2026-09-06T00:46:53.950Z,2026-09-07T11:09:00.111Z,irene.calvo,carmen.robles,paula.benitez,9,
LOG202609070004,LOG,2026-09-07,4,LOG202609070004.log,2568,abd338399b45b60bdcfe460bb07e70584bcc1cf0b7350fb1808ea5bb382a4692,text/plain; charset=utf-8,2026-09-04T21:46:10.778Z,2026-09-07T13:45:40.641Z,investigador.demo,carmen.robles,hector.lozano,17,
LOG202609070005,LOG,2026-09-07,5,LOG202609070005.log,4038,4a6f2cb8f2054b7fec578198e813e4f0f74f476cae4f1795f9681e793897e649,text/plain; charset=utf-8,2026-09-06T20:59:22.268Z,2026-09-07T15:52:17.798Z,irene.calvo,custodio.demo,nuria.paredes,7,
LOG202609080001,LOG,2026-09-08,1,LOG202609080001.log,2568,7d5dcc8fb86a471921e9e3d0cb346131edc084e066d82eb83ccf803b25172c4e,text/plain; charset=utf-8,2026-09-07T22:52:58.051Z,2026-09-08T02:49:37.464Z,martin.ochoa,carmen.robles,hector.lozano,3,
LOG202609080002,LOG,2026-09-08,2,LOG202609080002.log,4358,b4b9e759d5db48c17d819b50b59a6d6b14567662e3173e94a1dcdb7f135af4d2,text/plain; charset=utf-8,2026-09-07T07:09:24.985Z,2026-09-08T11:04:02.789Z,irene.calvo,carmen.robles,nuria.paredes,11,
LOG202609080003,LOG,2026-09-08,3,LOG202609080003.log,1601,dead7ff9acc8d9a620eb049f9faacf9f62f88783905a5362d10ce07f9e66732c,text/plain; charset=utf-8,2026-09-07T12:31:47.186Z,2026-09-08T11:42:27.502Z,irene.calvo,carmen.robles,carmen.robles,19,
LOG202609080004,LOG,2026-09-08,4,LOG202609080004.log,4689,2aab49f1a5bf0e45cc6cc07b7fd27e5915378065780949087afa1db3ebb49a59,text/plain; charset=utf-8,2026-09-06T06:32:46.702Z,2026-09-08T11:44:03.825Z,irene.calvo,custodio.demo,custodio.demo,1,
LOG202609080005,LOG,2026-09-08,5,LOG202609080005.log,2888,342012d7bd3567dd20ddd82ee930a5c6d16cebed1034bbc44295734585e3f65e,text/plain; charset=utf-8,2026-09-06T11:15:12.467Z,2026-09-08T12:13:49.489Z,martin.ochoa,oscar.villalba,hector.lozano,15,
LOG202609080006,LOG,2026-09-08,6,LOG202609080006.log,3532,2cf5aa43a29e4d74be07b2a05a86a81b15d6c6a3ace893fd5bfb2e4e75787785,text/plain; charset=utf-8,2026-09-06T04:50:23.457Z,2026-09-08T13:33:29.792Z,irene.calvo,custodio.demo,paula.benitez,3,
LOG202609080007,LOG,2026-09-08,7,LOG202609080007.log,3068,2f1872f492dee2814e96fbb0639ad594499dec53fa7bbb9faf7e45f5ad9f5366,text/plain; charset=utf-8,2026-09-05T16:16:08.513Z,2026-09-08T15:05:17.695Z,irene.calvo,carmen.robles,oscar.villalba,19,
LOG202609080008,LOG,2026-09-08,8,LOG202609080008.log,4365,82f618c373e5fc0270c955f068f6eab2466ec399dc05b3b478287ce9c20a0819,text/plain; charset=utf-8,2026-09-05T18:03:12.781Z,2026-09-08T17:03:34.704Z,irene.calvo,custodio.demo,oscar.villalba,19,
LOG202609080009,LOG,2026-09-08,9,LOG202609080009.log,1611,6f99850fc88c8a9bb0d17badf2f7681347f46d5467fc73b45fd8a6420720882b,text/plain; charset=utf-8,2026-09-07T12:12:57.766Z,2026-09-08T19:48:22.940Z,investigador.demo,carmen.robles,oscar.villalba,13,
LOG202609080010,LOG,2026-09-08,10,LOG202609080010.log,3864,344c1374617bf0f5229235ac0f3ccfd7195d69e5f5b7a088a386ff78b2b378f7,text/plain; charset=utf-8,2026-09-06T01:04:52.723Z,2026-09-08T20:02:50.551Z,irene.calvo,hector.lozano,nuria.paredes,5,
LOG202609090001,LOG,2026-09-09,1,LOG202609090001.log,3207,465aab2c66d8f0bfd74e34d3b99cfd2b71183cd22c5212a271d49a92ef8628cb,text/plain; charset=utf-8,2026-09-07T06:47:28.809Z,2026-09-09T03:26:54.936Z,martin.ochoa,oscar.villalba,oscar.villalba,1,
LOG202609090002,LOG,2026-09-09,2,LOG202609090002.log,1603,0f476c45e1c5014306eaac7dc7df332903438a780637e228f086ec1287897366,text/plain; charset=utf-8,2026-09-07T08:48:42.914Z,2026-09-09T19:34:32.128Z,irene.calvo,oscar.villalba,paula.benitez,13,
LOG202609100001,LOG,2026-09-10,1,LOG202609100001.log,4687,0baa7dfe9081198e4725821ae25db755445408bb5a0e41347e8c9392d8ad984e,text/plain; charset=utf-8,2026-09-09T20:04:10.500Z,2026-09-10T11:41:11.888Z,irene.calvo,nuria.paredes,hector.lozano,19,
LOG202609110001,LOG,2026-09-11,1,LOG202609110001.log,2563,4c6cb0553fede76ecc59c49808be4f82da9db641af9a10662be7a2aad2be5e98,text/plain; charset=utf-8,2026-09-10T12:43:29.917Z,2026-09-11T00:54:35.827Z,investigador.demo,oscar.villalba,custodio.demo,7,
LOG202609110002,LOG,2026-09-11,2,LOG202609110002.log,2909,26f5a67f98c5f2b41f8a0febc26c48279ad37a1d7da9be916eb69ddaa033d07d,text/plain; charset=utf-8,2026-09-09T05:44:39.673Z,2026-09-11T01:13:52.006Z,irene.calvo,nuria.paredes,hector.lozano,15,
LOG202609110003,LOG,2026-09-11,3,LOG202609110003.log,3392,4f5945ff61f9a04559d7c55ba1a82719c0f754d63d4afe29f0e34fbfcf692830,text/plain; charset=utf-8,2026-09-09T11:34:54.873Z,2026-09-11T10:25:49.563Z,irene.calvo,nuria.paredes,oscar.villalba,15,
LOG202609110004,LOG,2026-09-11,4,LOG202609110004.log,2593,6332048b4a9f75111fdb2f54340d3fe0d3a5d63cdc270db7d6b9b41d3291932e,text/plain; charset=utf-8,2026-09-10T04:49:03.104Z,2026-09-11T10:40:46.210Z,irene.calvo,custodio.demo,nuria.paredes,17,
LOG202609110005,LOG,2026-09-11,5,LOG202609110005.log,3073,bc4607b96662693a52f04d2ef94f1015bf3dfe9585d0081f4d4789640cb7f14e,text/plain; charset=utf-8,2026-09-10T15:16:48.928Z,2026-09-11T13:00:40.871Z,investigador.demo,nuria.paredes,nuria.paredes,1,
LOG202609110006,LOG,2026-09-11,6,LOG202609110006.log,4973,7fe3bdd793401563441d34e1994de82811a2c0c0bbbdcad1580320bf4b15763a,text/plain; charset=utf-8,2026-09-10T11:27:47.249Z,2026-09-11T22:34:16.857Z,martin.ochoa,oscar.villalba,paula.benitez,5,
LOG202609120001,LOG,2026-09-12,1,LOG202609120001.log,4484,8ef5d95d72f4f0b30c30bbfd26e53882a32338da3c618d3887845ef0529f8182,text/plain; charset=utf-8,2026-09-10T13:40:51.546Z,2026-09-12T07:38:51.411Z,investigador.demo,oscar.villalba,custodio.demo,3,
LOG202609120002,LOG,2026-09-12,2,LOG202609120002.log,2719,40abeb1f3f94d489262fe4e30f351162737caa1937bc5f8d50eb2eeda27e83a2,text/plain; charset=utf-8,2026-09-11T06:27:47.621Z,2026-09-12T09:25:40.174Z,martin.ochoa,carmen.robles,nuria.paredes,7,
LOG202609130001,LOG,2026-09-13,1,LOG202609130001.log,3875,1f2c7d2e319b3d07704f582eda679ad27eb632f375798379517f758f587d696a,text/plain; charset=utf-8,2026-09-12T08:00:43.237Z,2026-09-13T01:55:34.801Z,martin.ochoa,carmen.robles,custodio.demo,9,
LOG202609130002,LOG,2026-09-13,2,LOG202609130002.log,3555,5f39e63a77f38f90a750682aa6cbad298d71d7670b22bdcc84547a2698baf3d5,text/plain; charset=utf-8,2026-09-11T04:43:58.945Z,2026-09-13T14:46:43.594Z,irene.calvo,carmen.robles,carmen.robles,7,
LOG202609130003,LOG,2026-09-13,3,LOG202609130003.log,2079,a7989e1078826ea165b35d89cb6fbcc73091f8aca854d2822800c1b019d05744,text/plain; charset=utf-8,2026-09-11T06:05:06.234Z,2026-09-13T15:19:16.682Z,martin.ochoa,nuria.paredes,carmen.robles,11,
LOG202609130004,LOG,2026-09-13,4,LOG202609130004.log,4333,533f8c416fdf811289be4036e79ea01e1f425fe84d8febb11fc8f5bd7ff2e2ef,text/plain; charset=utf-8,2026-09-12T10:28:57.231Z,2026-09-13T16:34:16.181Z,irene.calvo,custodio.demo,paula.benitez,5,
LOG202609130005,LOG,2026-09-13,5,LOG202609130005.log,1773,f2a4d856a48b54c85ba048d1631dab2ead5d7904be4a91b48ac3ed92426af7cf,text/plain; charset=utf-8,2026-09-13T13:37:20.615Z,2026-09-13T20:20:19.347Z,investigador.demo,custodio.demo,paula.benitez,5,
LOG202609140001,LOG,2026-09-14,1,LOG202609140001.log,4003,794611c2d1b06ee92c0a2c1321ea9fcb96d4d986fcaf879c85d3cb704aa07475,text/plain; charset=utf-8,2026-09-12T14:14:10.202Z,2026-09-14T09:21:09.768Z,martin.ochoa,oscar.villalba,oscar.villalba,5,
LOG202609140002,LOG,2026-09-14,2,LOG202609140002.log,4198,59a7f97b604403acfd3a87396d461e7f387dcf64620478e3cd21c0109a63d119,text/plain; charset=utf-8,2026-09-13T01:33:18.746Z,2026-09-14T20:43:00.654Z,investigador.demo,hector.lozano,custodio.demo,15,
LOG202609140003,LOG,2026-09-14,3,LOG202609140003.log,2586,352be1a93e79544e26abf7e4783b759932b701029a17bb06c4144dbada64fae4,text/plain; charset=utf-8,2026-09-14T20:03:11.771Z,2026-09-14T22:03:54.014Z,irene.calvo,hector.lozano,oscar.villalba,13,
LOG202609160001,LOG,2026-09-16,1,LOG202609160001.log,2261,89355dd50af31956d267cecc06ec22d1ee88b9b31857e3d3f863069d1c94d36f,text/plain; charset=utf-8,2026-09-16T01:48:38.514Z,2026-09-16T02:02:23.925Z,martin.ochoa,paula.benitez,custodio.demo,11,
LOG202609160002,LOG,2026-09-16,2,LOG202609160002.log,1290,533b456728af2f61b22afe5e6ddb9309b420479a0fdde0442b51b3e8f7cf2e2f,text/plain; charset=utf-8,2026-09-13T21:08:48.289Z,2026-09-16T04:46:21.985Z,martin.ochoa,carmen.robles,oscar.villalba,13,
LOG202609160003,LOG,2026-09-16,3,LOG202609160003.log,3550,0ad0b87420b3e4a1869969f78a32d51614c234fcc80e0958ee9cfad53dcae92d,text/plain; charset=utf-8,2026-09-13T15:47:46.847Z,2026-09-16T06:29:38.433Z,irene.calvo,hector.lozano,carmen.robles,5,
LOG202609160004,LOG,2026-09-16,4,LOG202609160004.log,4845,3e0526fd584203145ecb7c64acba4142a15d9f34e6ddf756a2ed3fba6908023a,text/plain; charset=utf-8,2026-09-15T13:44:47.868Z,2026-09-16T06:39:19.892Z,investigador.demo,oscar.villalba,carmen.robles,19,
LOG202609160005,LOG,2026-09-16,5,LOG202609160005.log,1126,d499ae08fc15ca881b89df965f396e06205fc53c85a0c728b708270f8c2f15ad,text/plain; charset=utf-8,2026-09-15T17:46:37.815Z,2026-09-16T07:28:12.514Z,martin.ochoa,paula.benitez,oscar.villalba,11,
LOG202609160006,LOG,2026-09-16,6,LOG202609160006.log,1935,2595d1f75dfaa1699034b1630b9f490ad905c4cb2f1e547b026e85f8cecbfd9b,text/plain; charset=utf-8,2026-09-16T05:19:11.585Z,2026-09-16T12:25:22.256Z,investigador.demo,paula.benitez,custodio.demo,9,
LOG202609160007,LOG,2026-09-16,7,LOG202609160007.log,1129,eadb594b86ca04a37ab9b0e184e396563725377b73a23f01ef806b41a1f0c00d,text/plain; charset=utf-8,2026-09-16T07:56:08.498Z,2026-09-16T12:30:10.993Z,investigador.demo,carmen.robles,custodio.demo,3,
LOG202609160008,LOG,2026-09-16,8,LOG202609160008.log,4685,8242a0f0f9e232ddf12ca61ee0219c7af79afe0fef4295f19354fb1f046e216e,text/plain; charset=utf-8,2026-09-15T02:59:42.496Z,2026-09-16T14:56:35.497Z,martin.ochoa,paula.benitez,carmen.robles,17,
LOG202609170001,LOG,2026-09-17,1,LOG202609170001.log,2905,3f818db9898bc8b39c9467ada13fcdec4b36ff5e82b03b751d83499e34d2e69d,text/plain; charset=utf-8,2026-09-16T23:22:14.823Z,2026-09-17T04:25:12.973Z,martin.ochoa,nuria.paredes,paula.benitez,17,
LOG202609170002,LOG,2026-09-17,2,LOG202609170002.log,1284,81987fc3bd89f4a278a3ecd342c458a7ec7306238c9215dc4a3dc0c898828da3,text/plain; charset=utf-8,2026-09-16T11:18:35.591Z,2026-09-17T14:19:44.165Z,investigador.demo,paula.benitez,nuria.paredes,13,
LOG202609170003,LOG,2026-09-17,3,LOG202609170003.log,4163,029e3de5464b0f5e00002d7a4c3ab63a66aaf631156f6dab012ba51667d72c91,text/plain; charset=utf-8,2026-09-16T05:52:14.407Z,2026-09-17T16:21:29.522Z,investigador.demo,carmen.robles,carmen.robles,19,
LOG202609170004,LOG,2026-09-17,4,LOG202609170004.log,2747,ad69a6e36123b7a13b61c6cb7698e3e5fbe774b434b8de95bcc391c0a886a8ad,text/plain; charset=utf-8,2026-09-15T00:52:37.785Z,2026-09-17T22:10:01.589Z,irene.calvo,carmen.robles,paula.benitez,11,
LOG202609180001,LOG,2026-09-18,1,LOG202609180001.log,2579,9a5d5fdfb57a3a9f1deb0990f858e2cd0d7153f958a19b72bf67545527101756,text/plain; charset=utf-8,2026-09-16T00:59:56.385Z,2026-09-18T00:35:36.874Z,irene.calvo,hector.lozano,custodio.demo,3,
LOG202609180002,LOG,2026-09-18,2,LOG202609180002.log,3552,912c912ce217f7cf027e1058e2733d5fe32180574a98df18623da7f42a6232f6,text/plain; charset=utf-8,2026-09-17T01:03:17.938Z,2026-09-18T03:54:53.630Z,martin.ochoa,oscar.villalba,oscar.villalba,7,
LOG202609180003,LOG,2026-09-18,3,LOG202609180003.log,3528,d3b134aec70ce8aea08d70277178111377f7e1c4e02b4af71dac4a0cd04a4529,text/plain; charset=utf-8,2026-09-15T18:46:05.661Z,2026-09-18T11:06:04.041Z,martin.ochoa,hector.lozano,nuria.paredes,5,
LOG202609180004,LOG,2026-09-18,4,LOG202609180004.log,1458,d154a709ed2748ea27ff144c52d89e013730f482220174c712e230ef72aee4f4,text/plain; charset=utf-8,2026-09-17T22:41:34.426Z,2026-09-18T14:53:34.912Z,irene.calvo,oscar.villalba,nuria.paredes,11,
LOG202609190001,LOG,2026-09-19,1,LOG202609190001.log,2259,717b256a790b2ab2d64781fff69735981c0366dee7cf67f286e5a7fbd825adc6,text/plain; charset=utf-8,2026-09-17T14:03:23.197Z,2026-09-19T02:32:20.822Z,investigador.demo,hector.lozano,custodio.demo,17,
LOG202609200001,LOG,2026-09-20,1,LOG202609200001.log,1601,7a2b1e643d81a4971e11d9f49e67f611194f5ebc0b456b302581a4d82984dcc5,text/plain; charset=utf-8,2026-09-18T14:09:18.614Z,2026-09-20T11:11:19.426Z,martin.ochoa,hector.lozano,carmen.robles,15,
LOG202609200002,LOG,2026-09-20,2,LOG202609200002.log,2742,11be9b30c3b53e61c7e50d65c496d0b1bfaa154a809170b28ace3893b2b95127,text/plain; charset=utf-8,2026-09-20T11:58:11.537Z,2026-09-20T12:30:44.203Z,investigador.demo,carmen.robles,oscar.villalba,5,
LOG202609200003,LOG,2026-09-20,3,LOG202609200003.log,3563,147a4d48b08d5d088cfdf78f1b84f51790a2d92f556e62a547a1356543234c77,text/plain; charset=utf-8,2026-09-19T06:32:51.131Z,2026-09-20T12:57:50.525Z,martin.ochoa,custodio.demo,hector.lozano,5,
LOG202609200004,LOG,2026-09-20,4,LOG202609200004.log,1934,76722efa7b55de09ccf1896fcadb0cf714954ee07b49134276c8e62fe27ef70a,text/plain; charset=utf-8,2026-09-20T17:12:31.439Z,2026-09-20T18:50:18.340Z,investigador.demo,custodio.demo,nuria.paredes,11,
LOG202609210001,LOG,2026-09-21,1,LOG202609210001.log,3224,989deeb5a1fe79a8d286df8f0a9917d78a78b3959fe37cb1696200aefcd973fb,text/plain; charset=utf-8,2026-09-19T10:57:00.611Z,2026-09-21T13:46:18.284Z,martin.ochoa,oscar.villalba,oscar.villalba,15,
LOG202609220001,LOG,2026-09-22,1,LOG202609220001.log,2417,273af3ec8f1beb66d2927de95fcebfb8841e473978a855b3e64bdab601b3d0ae,text/plain; charset=utf-8,2026-09-20T15:21:08.516Z,2026-09-22T06:34:42.906Z,investigador.demo,oscar.villalba,hector.lozano,17,
LOG202609230001,LOG,2026-09-23,1,LOG202609230001.log,3856,e2157994c8fdcf70613ceb7adf3f7d7a16847daad418d60e4f8c9575c6cd78e6,text/plain; charset=utf-8,2026-09-21T21:57:57.283Z,2026-09-23T01:33:49.257Z,investigador.demo,nuria.paredes,oscar.villalba,3,
LOG202609230002,LOG,2026-09-23,2,LOG202609230002.log,2407,ae153d7d2319ffdf6601de4dc4559de8a03942fe3b50fbad50442bf027e24faa,text/plain; charset=utf-8,2026-09-22T05:20:03.953Z,2026-09-23T08:23:50.786Z,irene.calvo,paula.benitez,carmen.robles,3,
LOG202609230003,LOG,2026-09-23,3,LOG202609230003.log,1619,6919a88e8f650003610a1e32bfe1f91d430c24fc81175fa133f22a5c94d33d63,text/plain; charset=utf-8,2026-09-21T23:23:41.755Z,2026-09-23T12:55:24.271Z,investigador.demo,nuria.paredes,carmen.robles,5,
LOG202609230004,LOG,2026-09-23,4,LOG202609230004.log,3696,738db3ddc71c647e591663c39c4b78636696db201148eb2bb816a8cb93060938,text/plain; charset=utf-8,2026-09-21T08:38:38.735Z,2026-09-23T17:01:44.596Z,irene.calvo,paula.benitez,custodio.demo,5,
LOG202609230005,LOG,2026-09-23,5,LOG202609230005.log,1459,fb7c7870bc7d413942d223e93fcdf978d885d33f0a772bfbf6b1a117ceb5c2e4,text/plain; charset=utf-8,2026-09-21T18:49:18.655Z,2026-09-23T18:42:03.821Z,investigador.demo,nuria.paredes,carmen.robles,17,
LOG202609240001,LOG,2026-09-24,1,LOG202609240001.log,3067,920fc744f38eef19d639df0ee2d7d9f61b0aea1ffb46dbc32661dacd6ca031b6,text/plain; charset=utf-8,2026-09-22T20:37:39.849Z,2026-09-24T00:49:07.309Z,martin.ochoa,oscar.villalba,paula.benitez,9,
LOG202609240002,LOG,2026-09-24,2,LOG202609240002.log,2103,4a0ec15bec5ce5f35a41d8b017dfae15194b12d9cb08ed883476112cb97fd99f,text/plain; charset=utf-8,2026-09-21T17:21:32.849Z,2026-09-24T06:33:52.494Z,investigador.demo,carmen.robles,nuria.paredes,5,
LOG202609250001,LOG,2026-09-25,1,LOG202609250001.log,3836,30c199819914393d0ce81283a4f352b7b9a48a29dc412c37c7f37b0b7d6b234f,text/plain; charset=utf-8,2026-09-23T21:54:10.039Z,2026-09-25T03:52:59.970Z,martin.ochoa,oscar.villalba,carmen.robles,3,
LOG202609250002,LOG,2026-09-25,2,LOG202609250002.log,3224,0cadb27a4db27f4498a46fbe96c480a5af2cff73c036d775a64aac72a09107bc,text/plain; charset=utf-8,2026-09-25T02:53:35.497Z,2026-09-25T05:21:53.833Z,irene.calvo,carmen.robles,hector.lozano,13,
LOG202609250003,LOG,2026-09-25,3,LOG202609250003.log,3231,9e647a7c7afbad7428b3e9379eb8130ffde0393d8c2ba76f88a0356935c49388,text/plain; charset=utf-8,2026-09-24T05:47:28.748Z,2026-09-25T08:57:36.748Z,irene.calvo,hector.lozano,carmen.robles,11,
LOG202609250004,LOG,2026-09-25,4,LOG202609250004.log,4672,8f55efe16914ed605b7176ccd527b00a3e6f98e782af6a90ec60235b5da7f474,text/plain; charset=utf-8,2026-09-22T13:51:08.449Z,2026-09-25T09:15:19.321Z,irene.calvo,paula.benitez,nuria.paredes,13,
LOG202609260001,LOG,2026-09-26,1,LOG202609260001.log,4488,fffdda8039c7e320468849ee8ac9d98b3e2d55ba2c63960c9c411176dafeed67,text/plain; charset=utf-8,2026-09-26T02:23:55.082Z,2026-09-26T05:00:09.334Z,irene.calvo,carmen.robles,oscar.villalba,11,
LOG202609260002,LOG,2026-09-26,2,LOG202609260002.log,2396,5c12d633538a8f625abe07e468818225569b4e4466d0ff33fcba48f419a12433,text/plain; charset=utf-8,2026-09-24T00:07:49.257Z,2026-09-26T05:30:06.690Z,investigador.demo,hector.lozano,hector.lozano,5,
LOG202609260003,LOG,2026-09-26,3,LOG202609260003.log,3699,6e53401d2921818bca30613ee07493ce76bcc3e53cc95d7a0ec93cf92661eefb,text/plain; charset=utf-8,2026-09-26T03:06:06.618Z,2026-09-26T08:55:46.556Z,irene.calvo,carmen.robles,hector.lozano,3,
LOG202609260004,LOG,2026-09-26,4,LOG202609260004.log,4513,851eae9b8bce04f43125acda9e832625fd3a73d3fed88e9940ef23fe7b89b220,text/plain; charset=utf-8,2026-09-23T18:45:49.243Z,2026-09-26T17:25:53.764Z,investigador.demo,paula.benitez,custodio.demo,9,
LOG202609260005,LOG,2026-09-26,5,LOG202609260005.log,3870,0a78f31e558f9559605af0101ed03c1856cd4190de22669b4f473722cb5ed2da,text/plain; charset=utf-8,2026-09-26T19:38:42.325Z,2026-09-26T21:38:53.228Z,martin.ochoa,nuria.paredes,paula.benitez,7,
LOG202609270001,LOG,2026-09-27,1,LOG202609270001.log,2420,5e3aa5e18cbf2f7c2da29c2900517a72ffc82511ce5bf1e559cf7d96d4207a1f,text/plain; charset=utf-8,2026-09-25T17:04:56.365Z,2026-09-27T03:05:20.788Z,martin.ochoa,paula.benitez,hector.lozano,9,
LOG202609270002,LOG,2026-09-27,2,LOG202609270002.log,3545,1d633620ed704626bfe9991ad7bdf64aae4cfc6c52497a9a333fb209e7ca672c,text/plain; charset=utf-8,2026-09-25T20:36:03.696Z,2026-09-27T05:36:23.782Z,martin.ochoa,custodio.demo,oscar.villalba,7,
LOG202609270003,LOG,2026-09-27,3,LOG202609270003.log,4048,6edf2edadf5e8e6a6e84db8d66c912e1c32d298e513779d9c2f349ebd89035a1,text/plain; charset=utf-8,2026-09-26T06:33:26.158Z,2026-09-27T10:25:17.282Z,investigador.demo,hector.lozano,oscar.villalba,9,
LOG202609280001,LOG,2026-09-28,1,LOG202609280001.log,4350,d7c88ef50d57ea77135ae0192dc31c732218e15ea7cd9770a7140ba8a869a6da,text/plain; charset=utf-8,2026-09-25T23:50:55.089Z,2026-09-28T06:51:39.855Z,investigador.demo,custodio.demo,oscar.villalba,7,
LOG202609280002,LOG,2026-09-28,2,LOG202609280002.log,1768,e80bfc99a06537aedd46044e386180668fa200a1378fa8c07bdd957a1e007a8d,text/plain; charset=utf-8,2026-09-26T07:47:50.660Z,2026-09-28T13:14:09.670Z,martin.ochoa,paula.benitez,hector.lozano,5,
LOG202609280003,LOG,2026-09-28,3,LOG202609280003.log,1778,bfff8f33b4878824a0c4961d36b83158594f6cd720e16256df3860b4f6bf584c,text/plain; charset=utf-8,2026-09-27T18:40:17.551Z,2026-09-28T13:36:32.823Z,irene.calvo,oscar.villalba,paula.benitez,3,
LOG202609280004,LOG,2026-09-28,4,LOG202609280004.log,1134,9a2a251742a4a2682286b3daae3143834658b500196d936ad7535a76c913c151,text/plain; charset=utf-8,2026-09-26T09:20:42.348Z,2026-09-28T16:39:04.153Z,irene.calvo,carmen.robles,carmen.robles,7,
LOG202609280005,LOG,2026-09-28,5,LOG202609280005.log,2739,9dbfac92b4d9916dc8509e740108c8e7bb2bc41cec2bf9a037122b2eff5cd3c7,text/plain; charset=utf-8,2026-09-27T05:43:38.158Z,2026-09-28T18:15:00.363Z,martin.ochoa,custodio.demo,nuria.paredes,3,
LOG202609280006,LOG,2026-09-28,6,LOG202609280006.log,1462,13145f71692ec30c7b08424b3d2e63c1e990fbc81abda47e004f5962c31e5a3c,text/plain; charset=utf-8,2026-09-26T10:04:17.413Z,2026-09-28T23:54:00.605Z,investigador.demo,hector.lozano,nuria.paredes,7,
LOG202609290001,LOG,2026-09-29,1,LOG202609290001.log,3544,ea0955a4065a47487d7a6c6dfe2768d0e84ec7be029d8444bb0f137b6e7c32cb,text/plain; charset=utf-8,2026-09-28T12:16:58.488Z,2026-09-29T02:14:55.108Z,irene.calvo,paula.benitez,nuria.paredes,5,
LOG202609290002,LOG,2026-09-29,2,LOG202609290002.log,2259,6d44d1927dde7661ce1763559e81c41a98bb4adff7e16e09553824b03be9b2e4,text/plain; charset=utf-8,2026-09-27T09:49:25.283Z,2026-09-29T23:58:51.268Z,investigador.demo,oscar.villalba,carmen.robles,3,
LOG202609300001,LOG,2026-09-30,1,LOG202609300001.log,1444,7d1fa0829215bf861abc6f8013f2e50395b07f13eea990e321dc4a75fca884eb,text/plain; charset=utf-8,2026-09-30T00:27:20.989Z,2026-09-30T03:29:14.651Z,martin.ochoa,hector.lozano,carmen.robles,3,
LOG202609300002,LOG,2026-09-30,2,LOG202609300002.log,3709,4dea17b0a63ceef71b550a311d810d8eb1842b736f94c8beca566822fa3cdb47,text/plain; charset=utf-8,2026-09-28T16:02:05.921Z,2026-09-30T06:29:53.159Z,irene.calvo,oscar.villalba,oscar.villalba,3,
LOG202609300003,LOG,2026-09-30,3,LOG202609300003.log,4359,4713ae123dafd9443b53b40a369318ef4086075a4bb834736370ec0a731a9f12,text/plain; charset=utf-8,2026-09-28T02:20:38.265Z,2026-09-30T16:47:51.591Z,irene.calvo,carmen.robles,carmen.robles,3,
LOG202609300004,LOG,2026-09-30,4,LOG202609300004.log,4364,b7532d5e464efc8e47ed2e6ec16b2696db79639fce8566d39e6f5e1fb9e23452,text/plain; charset=utf-8,2026-09-28T10:57:41.761Z,2026-09-30T17:33:54.380Z,irene.calvo,carmen.robles,custodio.demo,3,
LOG202609300005,LOG,2026-09-30,5,LOG202609300005.log,3064,080a4be3ae5ef0c1124f6f30fb47ea1edf40fc082513689eeb23f8b450f19d0c,text/plain; charset=utf-8,2026-09-30T05:12:59.626Z,2026-09-30T19:49:37.611Z,investigador.demo,carmen.robles,carmen.robles,3,
LOG202609300006,LOG,2026-09-30,6,LOG202609300006.log,1443,62a3024aafbb863b9877ed71110ddd866397c73935d8bb4d246d07527bb90b5e,text/plain; charset=utf-8,2026-09-30T05:43:35.393Z,2026-09-30T22:30:44.003Z,martin.ochoa,custodio.demo,paula.benitez,3,
